{
  "corners": {
    "topLeft": {
      "x": 0.7100694444444444,
      "y": 0.5477445811364967
    },
    "topRight": {
      "x": 0.23576388888888888,
      "y": 0.5004881859011912
    },
    "bottomLeft": {
      "x": 0.7947916666666666,
      "y": 0.1853153680921695
    },
    "bottomRight": {
      "x": 0.32986111111111105,
      "y": 0.1474321421597344
    }
  },
  "frameWidth": 640,
  "frameHeight": 1138,
  "capturedAt": "2026-01-12T02:03:28.194Z",
  "deviceId": "passive-practice-remote",
  "sessionId": null,
  "playerId": null
}
