{
  "corners": {
    "topLeft": {
      "x": 0.6965277777777777,
      "y": 0.5260691271236086
    },
    "topRight": {
      "x": 0.215625,
      "y": 0.504588947471197
    },
    "bottomLeft": {
      "x": 0.71875,
      "y": 0.15953915250927553
    },
    "bottomRight": {
      "x": 0.2482638888888889,
      "y": 0.14645577035735208
    }
  },
  "frameWidth": 640,
  "frameHeight": 1138,
  "capturedAt": "2026-01-12T16:39:19.149Z",
  "deviceId": "passive-practice-remote",
  "sessionId": null,
  "playerId": null
}
