{
  "corners": {
    "topLeft": {
      "x": 0.6305555555555555,
      "y": 0.4848662370630736
    },
    "topRight": {
      "x": 0.14166666666666666,
      "y": 0.482132396016403
    },
    "bottomLeft": {
      "x": 0.6083333333333333,
      "y": 0.10720562390158173
    },
    "bottomRight": {
      "x": 0.1222222222222222,
      "y": 0.11325912907635227
    }
  },
  "frameWidth": 640,
  "frameHeight": 1138,
  "capturedAt": "2026-01-10T21:47:40.768Z",
  "deviceId": "passive-practice-remote",
  "sessionId": null,
  "playerId": null
}
