{
  "corners": {
    "topLeft": {
      "x": 0.647265625,
      "y": 0.5149305555555556
    },
    "topRight": {
      "x": 0.6404296875,
      "y": 0.8763888888888889
    },
    "bottomLeft": {
      "x": 0.3736328125,
      "y": 0.509375
    },
    "bottomRight": {
      "x": 0.36796875,
      "y": 0.8694444444444445
    }
  },
  "frameWidth": 640,
  "frameHeight": 360,
  "capturedAt": "2026-01-13T21:02:52.771Z",
  "deviceId": "passive-practice-remote",
  "sessionId": null,
  "playerId": null
}
