{
  "corners": {
    "topLeft": {
      "x": 0.6006944444444444,
      "y": 0.5250927553212263
    },
    "topRight": {
      "x": 0.11354166666666665,
      "y": 0.5069322397969146
    },
    "bottomLeft": {
      "x": 0.6166666666666666,
      "y": 0.14860378832259324
    },
    "bottomRight": {
      "x": 0.13645833333333332,
      "y": 0.13747314977543448
    }
  },
  "frameWidth": 640,
  "frameHeight": 1138,
  "capturedAt": "2026-01-10T21:38:30.927Z",
  "deviceId": "passive-practice-remote",
  "sessionId": null,
  "playerId": null
}
