{
  "corners": {
    "topLeft": {
      "x": 0.6375,
      "y": 0.4901386447959382
    },
    "topRight": {
      "x": 0.14895833333333333,
      "y": 0.492091388400703
    },
    "bottomLeft": {
      "x": 0.6048611111111111,
      "y": 0.11267330599492287
    },
    "bottomRight": {
      "x": 0.11909722222222222,
      "y": 0.12321812146065222
    }
  },
  "frameWidth": 640,
  "frameHeight": 1138,
  "capturedAt": "2026-01-10T21:45:59.260Z",
  "deviceId": "passive-practice-remote",
  "sessionId": null,
  "playerId": null
}
