{
  "corners": {
    "topLeft": {
      "x": 0.649609375,
      "y": 0.5715277777777777
    },
    "topRight": {
      "x": 0.640234375,
      "y": 0.8961805555555555
    },
    "bottomLeft": {
      "x": 0.39765625,
      "y": 0.565625
    },
    "bottomRight": {
      "x": 0.3939453125,
      "y": 0.8982638888888889
    }
  },
  "frameWidth": 640,
  "frameHeight": 360,
  "capturedAt": "2026-01-13T21:03:10.113Z",
  "deviceId": "passive-practice-remote",
  "sessionId": null,
  "playerId": null
}
