{
  "corners": {
    "topLeft": {
      "x": 0.7097222222222221,
      "y": 0.5475493067760203
    },
    "topRight": {
      "x": 0.2361111111111111,
      "y": 0.49970708845928524
    },
    "bottomLeft": {
      "x": 0.7947916666666666,
      "y": 0.18472954501074007
    },
    "bottomRight": {
      "x": 0.32986111111111105,
      "y": 0.14684631907830503
    }
  },
  "frameWidth": 640,
  "frameHeight": 1138,
  "capturedAt": "2026-01-12T02:05:43.935Z",
  "deviceId": "passive-practice-remote",
  "sessionId": null,
  "playerId": null
}
