{
  "corners": {
    "topLeft": {
      "x": 0.6961805555555556,
      "y": 0.526264401484085
    },
    "topRight": {
      "x": 0.215625,
      "y": 0.50497949619215
    },
    "bottomLeft": {
      "x": 0.7190972222222222,
      "y": 0.15934387814879905
    },
    "bottomRight": {
      "x": 0.24791666666666665,
      "y": 0.14645577035735208
    }
  },
  "frameWidth": 640,
  "frameHeight": 1138,
  "capturedAt": "2026-01-12T16:38:57.835Z",
  "deviceId": "passive-practice-remote",
  "sessionId": null,
  "playerId": null
}
