{
  "corners": {
    "topLeft": {
      "x": 0.7017361111111111,
      "y": 0.5252880296817027
    },
    "topRight": {
      "x": 0.21875,
      "y": 0.5053700449131029
    },
    "bottomLeft": {
      "x": 0.720486111111111,
      "y": 0.15700058582308143
    },
    "bottomRight": {
      "x": 0.24722222222222218,
      "y": 0.14547939855496972
    }
  },
  "frameWidth": 640,
  "frameHeight": 1138,
  "capturedAt": "2026-01-12T16:48:36.868Z",
  "deviceId": "passive-practice-remote",
  "sessionId": null,
  "playerId": null
}
