{
  "corners": {
    "topLeft": {
      "x": 0.65,
      "y": 0.5677083333333334
    },
    "topRight": {
      "x": 0.651953125,
      "y": 0.8934027777777778
    },
    "bottomLeft": {
      "x": 0.3951171875,
      "y": 0.5961805555555556
    },
    "bottomRight": {
      "x": 0.4048828125,
      "y": 0.9333333333333333
    }
  },
  "frameWidth": 640,
  "frameHeight": 360,
  "capturedAt": "2026-01-13T21:03:07.787Z",
  "deviceId": "passive-practice-remote",
  "sessionId": null,
  "playerId": null
}
