{
  "corners": {
    "topLeft": {
      "x": 0.708984375,
      "y": 0.45902777777777776
    },
    "topRight": {
      "x": 0.659375,
      "y": 0.81875
    },
    "bottomLeft": {
      "x": 0.4166015625,
      "y": 0.37569444444444444
    },
    "bottomRight": {
      "x": 0.387109375,
      "y": 0.7399305555555555
    }
  },
  "frameWidth": 640,
  "frameHeight": 360,
  "capturedAt": "2026-01-13T21:02:10.318Z",
  "deviceId": "passive-practice-remote",
  "sessionId": null,
  "playerId": null
}
