{
  "corners": {
    "topLeft": {
      "x": 0.6546875,
      "y": 0.5270833333333333
    },
    "topRight": {
      "x": 0.647265625,
      "y": 0.8774305555555556
    },
    "bottomLeft": {
      "x": 0.3865234375,
      "y": 0.5263888888888889
    },
    "bottomRight": {
      "x": 0.384765625,
      "y": 0.875
    }
  },
  "frameWidth": 640,
  "frameHeight": 360,
  "capturedAt": "2026-01-13T21:03:00.779Z",
  "deviceId": "passive-practice-remote",
  "sessionId": null,
  "playerId": null
}
