{
  "corners": {
    "topLeft": {
      "x": 0.6978515625,
      "y": 0.24618055555555557
    },
    "topRight": {
      "x": 0.6982421875,
      "y": 0.6892361111111112
    },
    "bottomLeft": {
      "x": 0.3603515625,
      "y": 0.25381944444444443
    },
    "bottomRight": {
      "x": 0.3568359375,
      "y": 0.6916666666666667
    }
  },
  "frameWidth": 640,
  "frameHeight": 360,
  "capturedAt": "2026-01-10T16:11:01.267Z",
  "deviceId": "passive-practice-remote"
}
