{
  "corners": {
    "topLeft": {
      "x": 0.6899305555555555,
      "y": 0.5463776606131614
    },
    "topRight": {
      "x": 0.22222222222222224,
      "y": 0.4868189806678383
    },
    "bottomLeft": {
      "x": 0.8027777777777777,
      "y": 0.18863503222026948
    },
    "bottomRight": {
      "x": 0.34479166666666666,
      "y": 0.13884007029876977
    }
  },
  "frameWidth": 640,
  "frameHeight": 1138,
  "capturedAt": "2026-01-12T01:54:42.965Z",
  "deviceId": "passive-practice-remote",
  "sessionId": null,
  "playerId": null
}
