{
  "corners": {
    "topLeft": {
      "x": 0.7416666666666666,
      "y": 0.5081038859597734
    },
    "topRight": {
      "x": 0.25763888888888886,
      "y": 0.5051747705526264
    },
    "bottomLeft": {
      "x": 0.7190972222222222,
      "y": 0.14001171646162858
    },
    "bottomRight": {
      "x": 0.2458333333333333,
      "y": 0.14391720367115798
    }
  },
  "frameWidth": 640,
  "frameHeight": 1138,
  "capturedAt": "2026-01-12T16:49:40.913Z",
  "deviceId": "passive-practice-remote",
  "sessionId": null,
  "playerId": null
}
