{
  "corners": {
    "topLeft": {
      "x": 0.7447916666666666,
      "y": 0.5352470220660027
    },
    "topRight": {
      "x": 0.26631944444444444,
      "y": 0.5014645577035735
    },
    "bottomLeft": {
      "x": 0.7954861111111111,
      "y": 0.1704745166959578
    },
    "bottomRight": {
      "x": 0.32743055555555556,
      "y": 0.14586994727592267
    }
  },
  "frameWidth": 640,
  "frameHeight": 1138,
  "capturedAt": "2026-01-12T02:13:55.787Z",
  "deviceId": "passive-practice-remote",
  "sessionId": null,
  "playerId": null
}
