{
  "corners": {
    "topLeft": {
      "x": 0.634375,
      "y": 0.5451388888888888
    },
    "topRight": {
      "x": 0.637109375,
      "y": 0.8899305555555556
    },
    "bottomLeft": {
      "x": 0.371875,
      "y": 0.565625
    },
    "bottomRight": {
      "x": 0.3787109375,
      "y": 0.9076388888888889
    }
  },
  "frameWidth": 640,
  "frameHeight": 360,
  "capturedAt": "2026-01-13T21:03:02.504Z",
  "deviceId": "passive-practice-remote",
  "sessionId": null,
  "playerId": null
}
