{
  "corners": {
    "topLeft": {
      "x": 0.63984375,
      "y": 0.5833333333333334
    },
    "topRight": {
      "x": 0.634765625,
      "y": 0.9097222222222222
    },
    "bottomLeft": {
      "x": 0.3828125,
      "y": 0.5951388888888889
    },
    "bottomRight": {
      "x": 0.3869140625,
      "y": 0.9270833333333334
    }
  },
  "frameWidth": 640,
  "frameHeight": 360,
  "capturedAt": "2026-01-13T21:03:06.346Z",
  "deviceId": "passive-practice-remote",
  "sessionId": null,
  "playerId": null
}
