{
  "corners": {
    "topLeft": {
      "x": 0.6840277777777778,
      "y": 0.47295450107400894
    },
    "topRight": {
      "x": 0.20104166666666665,
      "y": 0.49873071665690294
    },
    "bottomLeft": {
      "x": 0.5920138888888888,
      "y": 0.10017574692442882
    },
    "bottomRight": {
      "x": 0.11701388888888889,
      "y": 0.13337238820542863
    }
  },
  "frameWidth": 640,
  "frameHeight": 1138,
  "capturedAt": "2026-01-10T21:29:55.865Z",
  "deviceId": "passive-practice-remote",
  "sessionId": null,
  "playerId": null
}
