{
  "corners": {
    "topLeft": {
      "x": 0.6453125,
      "y": 0.5173611111111112
    },
    "topRight": {
      "x": 0.63828125,
      "y": 0.8770833333333333
    },
    "bottomLeft": {
      "x": 0.372265625,
      "y": 0.5121527777777778
    },
    "bottomRight": {
      "x": 0.3669921875,
      "y": 0.8708333333333333
    }
  },
  "frameWidth": 640,
  "frameHeight": 360,
  "capturedAt": "2026-01-13T21:02:54.579Z",
  "deviceId": "passive-practice-remote",
  "sessionId": null,
  "playerId": null
}
