{
  "corners": {
    "topLeft": {
      "x": 0.64921875,
      "y": 0.5385416666666667
    },
    "topRight": {
      "x": 0.642578125,
      "y": 0.8663194444444444
    },
    "bottomLeft": {
      "x": 0.3974609375,
      "y": 0.5378472222222223
    },
    "bottomRight": {
      "x": 0.395703125,
      "y": 0.8663194444444444
    }
  },
  "frameWidth": 640,
  "frameHeight": 360,
  "capturedAt": "2026-01-13T21:03:11.379Z",
  "deviceId": "passive-practice-remote",
  "sessionId": null,
  "playerId": null
}
