{
  "corners": {
    "topLeft": {
      "x": 0.6961805555555556,
      "y": 0.5006834602616675
    },
    "topRight": {
      "x": 0.2125,
      "y": 0.47725053700449127
    },
    "bottomLeft": {
      "x": 0.725,
      "y": 0.12536613942589336
    },
    "bottomRight": {
      "x": 0.24791666666666665,
      "y": 0.10896309314586995
    }
  },
  "frameWidth": 640,
  "frameHeight": 1138,
  "capturedAt": "2026-01-10T21:29:38.984Z",
  "deviceId": "passive-practice-remote",
  "sessionId": null,
  "playerId": null
}
