{
  "corners": {
    "topLeft": {
      "x": 0.7097222222222221,
      "y": 0.5477445811364967
    },
    "topRight": {
      "x": 0.2361111111111111,
      "y": 0.5002929115407146
    },
    "bottomLeft": {
      "x": 0.7947916666666666,
      "y": 0.18492481937121655
    },
    "bottomRight": {
      "x": 0.32986111111111105,
      "y": 0.1474321421597344
    }
  },
  "frameWidth": 640,
  "frameHeight": 1138,
  "capturedAt": "2026-01-12T02:04:06.027Z",
  "deviceId": "passive-practice-remote",
  "sessionId": null,
  "playerId": null
}
