{
  "corners": {
    "topLeft": {
      "x": 0.7194444444444443,
      "y": 0.48877172427260296
    },
    "topRight": {
      "x": 0.23506944444444441,
      "y": 0.4961921499707088
    },
    "bottomLeft": {
      "x": 0.673611111111111,
      "y": 0.11404022651825815
    },
    "bottomRight": {
      "x": 0.19618055555555552,
      "y": 0.12849052919351686
    }
  },
  "frameWidth": 640,
  "frameHeight": 1138,
  "capturedAt": "2026-01-10T21:29:22.991Z",
  "deviceId": "passive-practice-remote",
  "sessionId": null,
  "playerId": null
}
