{
  "corners": {
    "topLeft": {
      "x": 0.6305555555555555,
      "y": 0.4848662370630736
    },
    "topRight": {
      "x": 0.14166666666666666,
      "y": 0.4819371216559266
    },
    "bottomLeft": {
      "x": 0.6086805555555556,
      "y": 0.10701034954110525
    },
    "bottomRight": {
      "x": 0.12256944444444444,
      "y": 0.1130638547158758
    }
  },
  "frameWidth": 640,
  "frameHeight": 1138,
  "capturedAt": "2026-01-10T21:47:14.394Z",
  "deviceId": "passive-practice-remote",
  "sessionId": null,
  "playerId": null
}
