{
  "corners": {
    "topLeft": {
      "x": 0.6814453125,
      "y": 0.4201388888888889
    },
    "topRight": {
      "x": 0.6609375,
      "y": 0.7892361111111111
    },
    "bottomLeft": {
      "x": 0.3927734375,
      "y": 0.39340277777777777
    },
    "bottomRight": {
      "x": 0.3828125,
      "y": 0.7645833333333333
    }
  },
  "frameWidth": 640,
  "frameHeight": 360,
  "capturedAt": "2026-01-13T21:02:15.413Z",
  "deviceId": "passive-practice-remote",
  "sessionId": null,
  "playerId": null
}
