{
  "corners": {
    "topLeft": {
      "x": 0.6003472222222223,
      "y": 0.5250927553212263
    },
    "topRight": {
      "x": 0.11388888888888889,
      "y": 0.5059558679945323
    },
    "bottomLeft": {
      "x": 0.6170138888888889,
      "y": 0.1482132396016403
    },
    "bottomRight": {
      "x": 0.13680555555555557,
      "y": 0.13688732669400508
    }
  },
  "frameWidth": 640,
  "frameHeight": 1138,
  "capturedAt": "2026-01-10T21:38:10.532Z",
  "deviceId": "passive-practice-remote",
  "sessionId": null,
  "playerId": null
}
