{
  "corners": {
    "topLeft": {
      "x": 0.7100694444444444,
      "y": 0.5475493067760203
    },
    "topRight": {
      "x": 0.2361111111111111,
      "y": 0.5000976371802383
    },
    "bottomLeft": {
      "x": 0.7947916666666666,
      "y": 0.1853153680921695
    },
    "bottomRight": {
      "x": 0.33090277777777777,
      "y": 0.14684631907830503
    }
  },
  "frameWidth": 640,
  "frameHeight": 1138,
  "capturedAt": "2026-01-12T02:03:47.064Z",
  "deviceId": "passive-practice-remote",
  "sessionId": null,
  "playerId": null
}
