{
  "corners": {
    "topLeft": {
      "x": 0.6975694444444444,
      "y": 0.5258738527631323
    },
    "topRight": {
      "x": 0.21666666666666665,
      "y": 0.5043936731107206
    },
    "bottomLeft": {
      "x": 0.7201388888888889,
      "y": 0.15856278070689317
    },
    "bottomRight": {
      "x": 0.2482638888888889,
      "y": 0.14547939855496972
    }
  },
  "frameWidth": 640,
  "frameHeight": 1138,
  "capturedAt": "2026-01-12T16:40:14.373Z",
  "deviceId": "passive-practice-remote",
  "sessionId": null,
  "playerId": null
}
