{
  "corners": {
    "topLeft": {
      "x": 0.7097222222222221,
      "y": 0.5473540324155438
    },
    "topRight": {
      "x": 0.2364583333333333,
      "y": 0.49951181409880885
    },
    "bottomLeft": {
      "x": 0.7947916666666666,
      "y": 0.18453427065026362
    },
    "bottomRight": {
      "x": 0.3302083333333333,
      "y": 0.14665104471782855
    }
  },
  "frameWidth": 640,
  "frameHeight": 1138,
  "capturedAt": "2026-01-12T02:07:00.884Z",
  "deviceId": "passive-practice-remote",
  "sessionId": null,
  "playerId": null
}
