{
  "corners": {
    "topLeft": {
      "x": 0.709375,
      "y": 0.5475493067760203
    },
    "topRight": {
      "x": 0.23576388888888888,
      "y": 0.5004881859011912
    },
    "bottomLeft": {
      "x": 0.7947916666666666,
      "y": 0.18512009373169303
    },
    "bottomRight": {
      "x": 0.3295138888888889,
      "y": 0.1474321421597344
    }
  },
  "frameWidth": 640,
  "frameHeight": 1138,
  "capturedAt": "2026-01-12T02:03:44.944Z",
  "deviceId": "passive-practice-remote",
  "sessionId": null,
  "playerId": null
}
