{
  "corners": {
    "topLeft": {
      "x": 0.69609375,
      "y": 0.24756944444444445
    },
    "topRight": {
      "x": 0.69609375,
      "y": 0.6892361111111112
    },
    "bottomLeft": {
      "x": 0.359765625,
      "y": 0.253125
    },
    "bottomRight": {
      "x": 0.355078125,
      "y": 0.6895833333333333
    }
  },
  "frameWidth": 640,
  "frameHeight": 360,
  "capturedAt": "2026-01-10T16:11:01.559Z",
  "deviceId": "passive-practice-remote"
}
