{
  "corners": {
    "topLeft": {
      "x": 0.6899305555555555,
      "y": 0.5459871118922085
    },
    "topRight": {
      "x": 0.22152777777777777,
      "y": 0.48642843194688534
    },
    "bottomLeft": {
      "x": 0.8041666666666666,
      "y": 0.18707283733645771
    },
    "bottomRight": {
      "x": 0.34409722222222217,
      "y": 0.13766842413591093
    }
  },
  "frameWidth": 640,
  "frameHeight": 1138,
  "capturedAt": "2026-01-12T01:57:39.764Z",
  "deviceId": "passive-practice-remote",
  "sessionId": null,
  "playerId": null
}
