{
  "corners": {
    "topLeft": {
      "x": 0.651171875,
      "y": 0.5076388888888889
    },
    "topRight": {
      "x": 0.646875,
      "y": 0.8670138888888889
    },
    "bottomLeft": {
      "x": 0.3791015625,
      "y": 0.5107638888888889
    },
    "bottomRight": {
      "x": 0.3783203125,
      "y": 0.8635416666666667
    }
  },
  "frameWidth": 640,
  "frameHeight": 360,
  "capturedAt": "2026-01-13T21:02:57.988Z",
  "deviceId": "passive-practice-remote",
  "sessionId": null,
  "playerId": null
}
