{
  "corners": {
    "topLeft": {
      "x": 0.7029296875,
      "y": 0.24895833333333334
    },
    "topRight": {
      "x": 0.699609375,
      "y": 0.6895833333333333
    },
    "bottomLeft": {
      "x": 0.3662109375,
      "y": 0.24409722222222222
    },
    "bottomRight": {
      "x": 0.3578125,
      "y": 0.6815972222222222
    }
  },
  "frameWidth": 640,
  "frameHeight": 360,
  "capturedAt": "2026-01-10T16:11:02.165Z",
  "deviceId": "passive-practice-remote"
}
