{
  "corners": {
    "topLeft": {
      "x": 0.696484375,
      "y": 0.2361111111111111
    },
    "topRight": {
      "x": 0.70078125,
      "y": 0.6798611111111111
    },
    "bottomLeft": {
      "x": 0.358984375,
      "y": 0.2517361111111111
    },
    "bottomRight": {
      "x": 0.3580078125,
      "y": 0.6899305555555556
    }
  },
  "frameWidth": 640,
  "frameHeight": 360,
  "capturedAt": "2026-01-10T16:11:00.351Z",
  "deviceId": "passive-practice-remote"
}
