{
  "corners": {
    "topLeft": {
      "x": 0.6975694444444444,
      "y": 0.5256785784026556
    },
    "topRight": {
      "x": 0.21805555555555553,
      "y": 0.504588947471197
    },
    "bottomLeft": {
      "x": 0.7201388888888889,
      "y": 0.15797695762546377
    },
    "bottomRight": {
      "x": 0.2482638888888889,
      "y": 0.1456746729154462
    }
  },
  "frameWidth": 640,
  "frameHeight": 1138,
  "capturedAt": "2026-01-12T16:40:34.704Z",
  "deviceId": "passive-practice-remote",
  "sessionId": null,
  "playerId": null
}
