{
  "corners": {
    "topLeft": {
      "x": 0.7333333333333333,
      "y": 0.4670962702597149
    },
    "topRight": {
      "x": 0.2586805555555555,
      "y": 0.5147432142159734
    },
    "bottomLeft": {
      "x": 0.5895833333333333,
      "y": 0.09998047256395234
    },
    "bottomRight": {
      "x": 0.12118055555555556,
      "y": 0.1546572934973638
    }
  },
  "frameWidth": 640,
  "frameHeight": 1138,
  "capturedAt": "2026-01-10T21:29:55.010Z",
  "deviceId": "passive-practice-remote",
  "sessionId": null,
  "playerId": null
}
