{
  "corners": {
    "topLeft": {
      "x": 0.6490234375,
      "y": 0.5458333333333333
    },
    "topRight": {
      "x": 0.6474609375,
      "y": 0.8600694444444444
    },
    "bottomLeft": {
      "x": 0.409765625,
      "y": 0.5527777777777778
    },
    "bottomRight": {
      "x": 0.4109375,
      "y": 0.8701388888888889
    }
  },
  "frameWidth": 640,
  "frameHeight": 360,
  "capturedAt": "2026-01-13T21:03:12.745Z",
  "deviceId": "passive-practice-remote",
  "sessionId": null,
  "playerId": null
}
