{
  "corners": {
    "topLeft": {
      "x": 0.6371527777777778,
      "y": 0.4899433704354618
    },
    "topRight": {
      "x": 0.14861111111111108,
      "y": 0.49072446787736773
    },
    "bottomLeft": {
      "x": 0.60625,
      "y": 0.11208748291349345
    },
    "bottomRight": {
      "x": 0.11979166666666666,
      "y": 0.12224174965826987
    }
  },
  "frameWidth": 640,
  "frameHeight": 1138,
  "capturedAt": "2026-01-10T21:43:50.959Z",
  "deviceId": "passive-practice-remote",
  "sessionId": null,
  "playerId": null
}
