{
  "corners": {
    "topLeft": {
      "x": 0.659375,
      "y": 0.4409722222222222
    },
    "topRight": {
      "x": 0.638671875,
      "y": 0.8197916666666667
    },
    "bottomLeft": {
      "x": 0.3587890625,
      "y": 0.4222222222222222
    },
    "bottomRight": {
      "x": 0.355078125,
      "y": 0.7986111111111112
    }
  },
  "frameWidth": 640,
  "frameHeight": 360,
  "capturedAt": "2026-01-13T21:02:10.906Z",
  "deviceId": "passive-practice-remote",
  "sessionId": null,
  "playerId": null
}
