{
  "corners": {
    "topLeft": {
      "x": 0.6927083333333333,
      "y": 0.4827182190978324
    },
    "topRight": {
      "x": 0.20833333333333331,
      "y": 0.49326303456356174
    },
    "bottomLeft": {
      "x": 0.6399305555555556,
      "y": 0.10876781878539347
    },
    "bottomRight": {
      "x": 0.16319444444444445,
      "y": 0.12614723686779925
    }
  },
  "frameWidth": 640,
  "frameHeight": 1138,
  "capturedAt": "2026-01-10T21:27:05.204Z",
  "deviceId": "passive-practice-remote",
  "sessionId": null,
  "playerId": null
}
