{
  "corners": {
    "topLeft": {
      "x": 0.6962890625,
      "y": 0.24097222222222223
    },
    "topRight": {
      "x": 0.69921875,
      "y": 0.6833333333333333
    },
    "bottomLeft": {
      "x": 0.358984375,
      "y": 0.25381944444444443
    },
    "bottomRight": {
      "x": 0.3578125,
      "y": 0.6913194444444445
    }
  },
  "frameWidth": 640,
  "frameHeight": 360,
  "capturedAt": "2026-01-10T16:11:00.825Z",
  "deviceId": "passive-practice-remote"
}
