{
  "corners": {
    "topLeft": {
      "x": 0.74375,
      "y": 0.5344659246240968
    },
    "topRight": {
      "x": 0.265625,
      "y": 0.5006834602616675
    },
    "bottomLeft": {
      "x": 0.7944444444444444,
      "y": 0.17008396797500486
    },
    "bottomRight": {
      "x": 0.3270833333333333,
      "y": 0.1456746729154462
    }
  },
  "frameWidth": 640,
  "frameHeight": 1138,
  "capturedAt": "2026-01-12T02:07:30.723Z",
  "deviceId": "passive-practice-remote",
  "sessionId": null,
  "playerId": null
}
