{
  "corners": {
    "topLeft": {
      "x": 0.8876953125,
      "y": 0.5215277777777778
    },
    "topRight": {
      "x": 0.7048828125,
      "y": 0.7420138888888889
    },
    "bottomLeft": {
      "x": 0.7033203125,
      "y": 0.10173611111111111
    },
    "bottomRight": {
      "x": 0.5310546875,
      "y": 0.3472222222222222
    }
  },
  "frameWidth": 640,
  "frameHeight": 360,
  "capturedAt": "2026-01-10T16:10:18.288Z",
  "deviceId": "passive-practice-remote"
}
