{
  "corners": {
    "topLeft": {
      "x": 0.6371527777777778,
      "y": 0.4899433704354618
    },
    "topRight": {
      "x": 0.14861111111111108,
      "y": 0.4913102909587971
    },
    "bottomLeft": {
      "x": 0.6048611111111111,
      "y": 0.11267330599492287
    },
    "bottomRight": {
      "x": 0.11944444444444444,
      "y": 0.12302284710017575
    }
  },
  "frameWidth": 640,
  "frameHeight": 1138,
  "capturedAt": "2026-01-10T21:45:46.523Z",
  "deviceId": "passive-practice-remote",
  "sessionId": null,
  "playerId": null
}
