{
  "corners": {
    "topLeft": {
      "x": 0.666015625,
      "y": 0.48680555555555555
    },
    "topRight": {
      "x": 0.659375,
      "y": 0.85
    },
    "bottomLeft": {
      "x": 0.3921875,
      "y": 0.4875
    },
    "bottomRight": {
      "x": 0.3892578125,
      "y": 0.8402777777777778
    }
  },
  "frameWidth": 640,
  "frameHeight": 360,
  "capturedAt": "2026-01-13T21:02:57.772Z",
  "deviceId": "passive-practice-remote",
  "sessionId": null,
  "playerId": null
}
