{
  "corners": {
    "topLeft": {
      "x": 0.6371527777777778,
      "y": 0.4899433704354618
    },
    "topRight": {
      "x": 0.14861111111111108,
      "y": 0.4909197422378441
    },
    "bottomLeft": {
      "x": 0.6059027777777778,
      "y": 0.11228275727396993
    },
    "bottomRight": {
      "x": 0.11979166666666666,
      "y": 0.12243702401874632
    }
  },
  "frameWidth": 640,
  "frameHeight": 1138,
  "capturedAt": "2026-01-10T21:45:22.276Z",
  "deviceId": "passive-practice-remote",
  "sessionId": null,
  "playerId": null
}
