{
  "corners": {
    "topLeft": {
      "x": 0.6876953125,
      "y": 0.41388888888888886
    },
    "topRight": {
      "x": 0.66875,
      "y": 0.7788194444444444
    },
    "bottomLeft": {
      "x": 0.403515625,
      "y": 0.38819444444444445
    },
    "bottomRight": {
      "x": 0.3935546875,
      "y": 0.7559027777777778
    }
  },
  "frameWidth": 640,
  "frameHeight": 360,
  "capturedAt": "2026-01-13T21:02:20.855Z",
  "deviceId": "passive-practice-remote",
  "sessionId": null,
  "playerId": null
}
