{
  "corners": {
    "topLeft": {
      "x": 0.6305555555555555,
      "y": 0.4848662370630736
    },
    "topRight": {
      "x": 0.14166666666666666,
      "y": 0.48174184729545005
    },
    "bottomLeft": {
      "x": 0.6086805555555556,
      "y": 0.10701034954110525
    },
    "bottomRight": {
      "x": 0.12291666666666665,
      "y": 0.11325912907635227
    }
  },
  "frameWidth": 640,
  "frameHeight": 1138,
  "capturedAt": "2026-01-10T21:46:47.977Z",
  "deviceId": "passive-practice-remote",
  "sessionId": null,
  "playerId": null
}
