{
  "corners": {
    "topLeft": {
      "x": 0.6,
      "y": 0.5250927553212263
    },
    "topRight": {
      "x": 0.11354166666666665,
      "y": 0.5065416910759617
    },
    "bottomLeft": {
      "x": 0.6170138888888889,
      "y": 0.1482132396016403
    },
    "bottomRight": {
      "x": 0.13645833333333332,
      "y": 0.137277875414958
    }
  },
  "frameWidth": 640,
  "frameHeight": 1138,
  "capturedAt": "2026-01-10T21:38:01.823Z",
  "deviceId": "passive-practice-remote",
  "sessionId": null,
  "playerId": null
}
