{
  "corners": {
    "topLeft": {
      "x": 0.6961805555555556,
      "y": 0.526264401484085
    },
    "topRight": {
      "x": 0.215625,
      "y": 0.5047842218316735
    },
    "bottomLeft": {
      "x": 0.7190972222222222,
      "y": 0.15934387814879905
    },
    "bottomRight": {
      "x": 0.2482638888888889,
      "y": 0.14645577035735208
    }
  },
  "frameWidth": 640,
  "frameHeight": 1138,
  "capturedAt": "2026-01-12T16:39:10.322Z",
  "deviceId": "passive-practice-remote",
  "sessionId": null,
  "playerId": null
}
