{
  "corners": {
    "topLeft": {
      "x": 0.6693359375,
      "y": 0.43194444444444446
    },
    "topRight": {
      "x": 0.65,
      "y": 0.803125
    },
    "bottomLeft": {
      "x": 0.3783203125,
      "y": 0.4107638888888889
    },
    "bottomRight": {
      "x": 0.3716796875,
      "y": 0.7802083333333333
    }
  },
  "frameWidth": 640,
  "frameHeight": 360,
  "capturedAt": "2026-01-13T21:02:12.831Z",
  "deviceId": "passive-practice-remote",
  "sessionId": null,
  "playerId": null
}
