{
  "corners": {
    "topLeft": {
      "x": 0.7100694444444444,
      "y": 0.5475493067760203
    },
    "topRight": {
      "x": 0.2361111111111111,
      "y": 0.4999023628197618
    },
    "bottomLeft": {
      "x": 0.7944444444444444,
      "y": 0.18570591681312243
    },
    "bottomRight": {
      "x": 0.32986111111111105,
      "y": 0.14782269088068734
    }
  },
  "frameWidth": 640,
  "frameHeight": 1138,
  "capturedAt": "2026-01-12T02:02:46.442Z",
  "deviceId": "passive-practice-remote",
  "sessionId": null,
  "playerId": null
}
