{
  "corners": {
    "topLeft": {
      "x": 0.6861328125,
      "y": 0.41631944444444446
    },
    "topRight": {
      "x": 0.66484375,
      "y": 0.7854166666666667
    },
    "bottomLeft": {
      "x": 0.3970703125,
      "y": 0.3875
    },
    "bottomRight": {
      "x": 0.38671875,
      "y": 0.759375
    }
  },
  "frameWidth": 640,
  "frameHeight": 360,
  "capturedAt": "2026-01-13T21:02:18.269Z",
  "deviceId": "passive-practice-remote",
  "sessionId": null,
  "playerId": null
}
