{
  "corners": {
    "topLeft": {
      "x": 0.7009765625,
      "y": 0.2465277777777778
    },
    "topRight": {
      "x": 0.698828125,
      "y": 0.6878472222222223
    },
    "bottomLeft": {
      "x": 0.3638671875,
      "y": 0.24444444444444444
    },
    "bottomRight": {
      "x": 0.3568359375,
      "y": 0.6829861111111111
    }
  },
  "frameWidth": 640,
  "frameHeight": 360,
  "capturedAt": "2026-01-10T16:11:01.857Z",
  "deviceId": "passive-practice-remote"
}
