{
  "corners": {
    "topLeft": {
      "x": 0.687890625,
      "y": 0.41388888888888886
    },
    "topRight": {
      "x": 0.6693359375,
      "y": 0.7784722222222222
    },
    "bottomLeft": {
      "x": 0.404296875,
      "y": 0.38819444444444445
    },
    "bottomRight": {
      "x": 0.3943359375,
      "y": 0.7559027777777778
    }
  },
  "frameWidth": 640,
  "frameHeight": 360,
  "capturedAt": "2026-01-13T21:02:21.480Z",
  "deviceId": "passive-practice-remote",
  "sessionId": null,
  "playerId": null
}
