{
  "corners": {
    "topLeft": {
      "x": 0.6892578125,
      "y": 0.4131944444444444
    },
    "topRight": {
      "x": 0.6697265625,
      "y": 0.7788194444444444
    },
    "bottomLeft": {
      "x": 0.4048828125,
      "y": 0.3861111111111111
    },
    "bottomRight": {
      "x": 0.394140625,
      "y": 0.7538194444444445
    }
  },
  "frameWidth": 640,
  "frameHeight": 360,
  "capturedAt": "2026-01-13T21:02:20.419Z",
  "deviceId": "passive-practice-remote",
  "sessionId": null,
  "playerId": null
}
