{
  "corners": {
    "topLeft": {
      "x": 0.6958333333333333,
      "y": 0.5006834602616675
    },
    "topRight": {
      "x": 0.2125,
      "y": 0.4770552626440149
    },
    "bottomLeft": {
      "x": 0.7246527777777778,
      "y": 0.1251708650654169
    },
    "bottomRight": {
      "x": 0.246875,
      "y": 0.10915836750634642
    }
  },
  "frameWidth": 640,
  "frameHeight": 1138,
  "capturedAt": "2026-01-10T21:29:28.295Z",
  "deviceId": "passive-practice-remote",
  "sessionId": null,
  "playerId": null
}
