{
  "corners": {
    "topLeft": {
      "x": 0.6027777777777777,
      "y": 0.5088849834016793
    },
    "topRight": {
      "x": 0.11597222222222221,
      "y": 0.49150556531927353
    },
    "bottomLeft": {
      "x": 0.6163194444444444,
      "y": 0.1322007420425698
    },
    "bottomRight": {
      "x": 0.13645833333333332,
      "y": 0.12185120093731693
    }
  },
  "frameWidth": 640,
  "frameHeight": 1138,
  "capturedAt": "2026-01-10T21:35:54.604Z",
  "deviceId": "passive-practice-remote",
  "sessionId": null,
  "playerId": null
}
