{
  "corners": {
    "topLeft": {
      "x": 0.6474609375,
      "y": 0.515625
    },
    "topRight": {
      "x": 0.6400390625,
      "y": 0.8770833333333333
    },
    "bottomLeft": {
      "x": 0.3736328125,
      "y": 0.5086805555555556
    },
    "bottomRight": {
      "x": 0.3677734375,
      "y": 0.8694444444444445
    }
  },
  "frameWidth": 640,
  "frameHeight": 360,
  "capturedAt": "2026-01-13T21:02:52.560Z",
  "deviceId": "passive-practice-remote",
  "sessionId": null,
  "playerId": null
}
