{
  "corners": {
    "topLeft": {
      "x": 0.6416666666666666,
      "y": 0.4756883421206795
    },
    "topRight": {
      "x": 0.1548611111111111,
      "y": 0.4831087678187853
    },
    "bottomLeft": {
      "x": 0.5944444444444443,
      "y": 0.09998047256395234
    },
    "bottomRight": {
      "x": 0.11597222222222221,
      "y": 0.1144307752392111
    }
  },
  "frameWidth": 640,
  "frameHeight": 1138,
  "capturedAt": "2026-01-10T21:30:56.052Z",
  "deviceId": "passive-practice-remote",
  "sessionId": null,
  "playerId": null
}
