{
  "corners": {
    "topLeft": {
      "x": 0.68203125,
      "y": 0.41944444444444445
    },
    "topRight": {
      "x": 0.6595703125,
      "y": 0.7888888888888889
    },
    "bottomLeft": {
      "x": 0.3923828125,
      "y": 0.3902777777777778
    },
    "bottomRight": {
      "x": 0.381640625,
      "y": 0.7607638888888889
    }
  },
  "frameWidth": 640,
  "frameHeight": 360,
  "capturedAt": "2026-01-13T21:02:14.941Z",
  "deviceId": "passive-practice-remote",
  "sessionId": null,
  "playerId": null
}
