{
  "corners": {
    "topLeft": {
      "x": 0.6958333333333333,
      "y": 0.5264596758445615
    },
    "topRight": {
      "x": 0.215625,
      "y": 0.50497949619215
    },
    "bottomLeft": {
      "x": 0.71875,
      "y": 0.15992970123022848
    },
    "bottomRight": {
      "x": 0.2482638888888889,
      "y": 0.14684631907830503
    }
  },
  "frameWidth": 640,
  "frameHeight": 1138,
  "capturedAt": "2026-01-12T16:37:54.478Z",
  "deviceId": "passive-practice-remote",
  "sessionId": null,
  "playerId": null
}
