{
  "corners": {
    "topLeft": {
      "x": 0.7017361111111111,
      "y": 0.5254833040421792
    },
    "topRight": {
      "x": 0.21840277777777778,
      "y": 0.5053700449131029
    },
    "bottomLeft": {
      "x": 0.720486111111111,
      "y": 0.15680531146260496
    },
    "bottomRight": {
      "x": 0.24722222222222218,
      "y": 0.14528412419449324
    }
  },
  "frameWidth": 640,
  "frameHeight": 1138,
  "capturedAt": "2026-01-12T16:48:02.707Z",
  "deviceId": "passive-practice-remote",
  "sessionId": null,
  "playerId": null
}
