{
  "corners": {
    "topLeft": {
      "x": 0.6961805555555556,
      "y": 0.5264596758445615
    },
    "topRight": {
      "x": 0.215625,
      "y": 0.5051747705526264
    },
    "bottomLeft": {
      "x": 0.71875,
      "y": 0.15953915250927553
    },
    "bottomRight": {
      "x": 0.24756944444444443,
      "y": 0.14645577035735208
    }
  },
  "frameWidth": 640,
  "frameHeight": 1138,
  "capturedAt": "2026-01-12T16:38:28.661Z",
  "deviceId": "passive-practice-remote",
  "sessionId": null,
  "playerId": null
}
