{
  "corners": {
    "topLeft": {
      "x": 0.6961805555555556,
      "y": 0.5004881859011912
    },
    "topRight": {
      "x": 0.2125,
      "y": 0.4770552626440149
    },
    "bottomLeft": {
      "x": 0.725,
      "y": 0.1251708650654169
    },
    "bottomRight": {
      "x": 0.24756944444444443,
      "y": 0.10896309314586995
    }
  },
  "frameWidth": 640,
  "frameHeight": 1138,
  "capturedAt": "2026-01-10T21:29:49.150Z",
  "deviceId": "passive-practice-remote",
  "sessionId": null,
  "playerId": null
}
