{
  "corners": {
    "topLeft": {
      "x": 0.6305555555555555,
      "y": 0.48467096270259713
    },
    "topRight": {
      "x": 0.14166666666666666,
      "y": 0.48174184729545005
    },
    "bottomLeft": {
      "x": 0.6086805555555556,
      "y": 0.10720562390158173
    },
    "bottomRight": {
      "x": 0.12256944444444444,
      "y": 0.11325912907635227
    }
  },
  "frameWidth": 640,
  "frameHeight": 1138,
  "capturedAt": "2026-01-10T21:46:56.071Z",
  "deviceId": "passive-practice-remote",
  "sessionId": null,
  "playerId": null
}
