{
  "corners": {
    "topLeft": {
      "x": 0.7409722222222221,
      "y": 0.5082991603202499
    },
    "topRight": {
      "x": 0.25763888888888886,
      "y": 0.5055653192735793
    },
    "bottomLeft": {
      "x": 0.71875,
      "y": 0.13981644210115213
    },
    "bottomRight": {
      "x": 0.24548611111111113,
      "y": 0.14547939855496972
    }
  },
  "frameWidth": 640,
  "frameHeight": 1138,
  "capturedAt": "2026-01-12T16:49:00.560Z",
  "deviceId": "passive-practice-remote",
  "sessionId": null,
  "playerId": null
}
