{
  "corners": {
    "topLeft": {
      "x": 0.690625,
      "y": 0.4131944444444444
    },
    "topRight": {
      "x": 0.671875,
      "y": 0.7774305555555555
    },
    "bottomLeft": {
      "x": 0.407421875,
      "y": 0.38680555555555557
    },
    "bottomRight": {
      "x": 0.397265625,
      "y": 0.7541666666666667
    }
  },
  "frameWidth": 640,
  "frameHeight": 360,
  "capturedAt": "2026-01-13T21:02:23.119Z",
  "deviceId": "passive-practice-remote",
  "sessionId": null,
  "playerId": null
}
