{
  "corners": {
    "topLeft": {
      "x": 0.6595703125,
      "y": 0.5239583333333333
    },
    "topRight": {
      "x": 0.64921875,
      "y": 0.8736111111111111
    },
    "bottomLeft": {
      "x": 0.3904296875,
      "y": 0.5163194444444444
    },
    "bottomRight": {
      "x": 0.3861328125,
      "y": 0.865625
    }
  },
  "frameWidth": 640,
  "frameHeight": 360,
  "capturedAt": "2026-01-13T21:03:00.217Z",
  "deviceId": "passive-practice-remote",
  "sessionId": null,
  "playerId": null
}
