{
  "corners": {
    "topLeft": {
      "x": 0.6958333333333333,
      "y": 0.5006834602616675
    },
    "topRight": {
      "x": 0.2125,
      "y": 0.4770552626440149
    },
    "bottomLeft": {
      "x": 0.7239583333333333,
      "y": 0.12595196250732277
    },
    "bottomRight": {
      "x": 0.24756944444444443,
      "y": 0.10915836750634642
    }
  },
  "frameWidth": 640,
  "frameHeight": 1138,
  "capturedAt": "2026-01-10T21:29:29.785Z",
  "deviceId": "passive-practice-remote",
  "sessionId": null,
  "playerId": null
}
