{
  "corners": {
    "topLeft": {
      "x": 0.7025390625,
      "y": 0.5090277777777777
    },
    "topRight": {
      "x": 0.698046875,
      "y": 0.8079861111111111
    },
    "bottomLeft": {
      "x": 0.4759765625,
      "y": 0.5024305555555556
    },
    "bottomRight": {
      "x": 0.47265625,
      "y": 0.8038194444444444
    }
  },
  "frameWidth": 640,
  "frameHeight": 360,
  "capturedAt": "2026-01-13T21:03:24.056Z",
  "deviceId": "passive-practice-remote",
  "sessionId": null,
  "playerId": null
}
