{
  "corners": {
    "topLeft": {
      "x": 0.6484375,
      "y": 0.5190972222222222
    },
    "topRight": {
      "x": 0.641796875,
      "y": 0.8802083333333334
    },
    "bottomLeft": {
      "x": 0.3740234375,
      "y": 0.5145833333333333
    },
    "bottomRight": {
      "x": 0.36953125,
      "y": 0.8763888888888889
    }
  },
  "frameWidth": 640,
  "frameHeight": 360,
  "capturedAt": "2026-01-13T21:02:55.981Z",
  "deviceId": "passive-practice-remote",
  "sessionId": null,
  "playerId": null
}
