{
  "corners": {
    "topLeft": {
      "x": 0.6802734375,
      "y": 0.23055555555555557
    },
    "topRight": {
      "x": 0.6794921875,
      "y": 0.6673611111111111
    },
    "bottomLeft": {
      "x": 0.3458984375,
      "y": 0.240625
    },
    "bottomRight": {
      "x": 0.34453125,
      "y": 0.671875
    }
  },
  "frameWidth": 640,
  "frameHeight": 360,
  "capturedAt": "2026-01-10T16:10:58.570Z",
  "deviceId": "passive-practice-remote"
}
