{
  "corners": {
    "topLeft": {
      "x": 0.6447265625,
      "y": 0.5638888888888889
    },
    "topRight": {
      "x": 0.64765625,
      "y": 0.8697916666666666
    },
    "bottomLeft": {
      "x": 0.4125,
      "y": 0.5791666666666667
    },
    "bottomRight": {
      "x": 0.416796875,
      "y": 0.8899305555555556
    }
  },
  "frameWidth": 640,
  "frameHeight": 360,
  "capturedAt": "2026-01-13T21:03:19.018Z",
  "deviceId": "passive-practice-remote",
  "sessionId": null,
  "playerId": null
}
