{
  "corners": {
    "topLeft": {
      "x": 0.7413194444444444,
      "y": 0.5081038859597734
    },
    "topRight": {
      "x": 0.25798611111111114,
      "y": 0.5051747705526264
    },
    "bottomLeft": {
      "x": 0.71875,
      "y": 0.13962116774067565
    },
    "bottomRight": {
      "x": 0.24548611111111113,
      "y": 0.1450888498340168
    }
  },
  "frameWidth": 640,
  "frameHeight": 1138,
  "capturedAt": "2026-01-12T16:49:42.951Z",
  "deviceId": "passive-practice-remote",
  "sessionId": null,
  "playerId": null
}
