{
  "corners": {
    "topLeft": {
      "x": 0.6305555555555555,
      "y": 0.48467096270259713
    },
    "topRight": {
      "x": 0.14166666666666666,
      "y": 0.4819371216559266
    },
    "bottomLeft": {
      "x": 0.6086805555555556,
      "y": 0.10701034954110525
    },
    "bottomRight": {
      "x": 0.1222222222222222,
      "y": 0.11286858035539932
    }
  },
  "frameWidth": 640,
  "frameHeight": 1138,
  "capturedAt": "2026-01-10T21:47:05.429Z",
  "deviceId": "passive-practice-remote",
  "sessionId": null,
  "playerId": null
}
