{
  "corners": {
    "topLeft": {
      "x": 0.7451388888888888,
      "y": 0.5352470220660027
    },
    "topRight": {
      "x": 0.26666666666666666,
      "y": 0.5012692833430971
    },
    "bottomLeft": {
      "x": 0.7954861111111111,
      "y": 0.17066979105643426
    },
    "bottomRight": {
      "x": 0.32743055555555556,
      "y": 0.14586994727592267
    }
  },
  "frameWidth": 640,
  "frameHeight": 1138,
  "capturedAt": "2026-01-12T02:14:10.684Z",
  "deviceId": "passive-practice-remote",
  "sessionId": null,
  "playerId": null
}
