{
  "corners": {
    "topLeft": {
      "x": 0.7353515625,
      "y": 0.4625
    },
    "topRight": {
      "x": 0.671484375,
      "y": 0.78125
    },
    "bottomLeft": {
      "x": 0.4796875,
      "y": 0.3333333333333333
    },
    "bottomRight": {
      "x": 0.428515625,
      "y": 0.6614583333333334
    }
  },
  "frameWidth": 640,
  "frameHeight": 360,
  "capturedAt": "2026-01-13T21:02:39.038Z",
  "deviceId": "passive-practice-remote",
  "sessionId": null,
  "playerId": null
}
