{
  "corners": {
    "topLeft": {
      "x": 0.6611328125,
      "y": 0.50625
    },
    "topRight": {
      "x": 0.652734375,
      "y": 0.8600694444444444
    },
    "bottomLeft": {
      "x": 0.3931640625,
      "y": 0.5006944444444444
    },
    "bottomRight": {
      "x": 0.38828125,
      "y": 0.8489583333333334
    }
  },
  "frameWidth": 640,
  "frameHeight": 360,
  "capturedAt": "2026-01-13T21:02:58.403Z",
  "deviceId": "passive-practice-remote",
  "sessionId": null,
  "playerId": null
}
