{
  "corners": {
    "topLeft": {
      "x": 0.8246527777777777,
      "y": 0.4098808826401093
    },
    "topRight": {
      "x": 0.3451388888888889,
      "y": 0.4594805702011326
    },
    "bottomLeft": {
      "x": 0.6777777777777778,
      "y": 0.0402265182581527
    },
    "bottomRight": {
      "x": 0.203125,
      "y": 0.09880882640109354
    }
  },
  "frameWidth": 640,
  "frameHeight": 1138,
  "capturedAt": "2026-01-10T21:53:08.719Z",
  "deviceId": "passive-practice-remote",
  "sessionId": null,
  "playerId": null
}
