{
  "corners": {
    "topLeft": {
      "x": 0.58984375,
      "y": 0.45555555555555555
    },
    "topRight": {
      "x": 0.5859375,
      "y": 0.7975694444444444
    },
    "bottomLeft": {
      "x": 0.325,
      "y": 0.459375
    },
    "bottomRight": {
      "x": 0.325,
      "y": 0.80625
    }
  },
  "frameWidth": 640,
  "frameHeight": 360,
  "capturedAt": "2026-01-13T21:02:49.453Z",
  "deviceId": "passive-practice-remote",
  "sessionId": null,
  "playerId": null
}
