{
  "corners": {
    "topLeft": {
      "x": 0.6902777777777778,
      "y": 0.5459871118922085
    },
    "topRight": {
      "x": 0.22152777777777777,
      "y": 0.48642843194688534
    },
    "bottomLeft": {
      "x": 0.8041666666666666,
      "y": 0.18687756297598124
    },
    "bottomRight": {
      "x": 0.34375,
      "y": 0.13747314977543448
    }
  },
  "frameWidth": 640,
  "frameHeight": 1138,
  "capturedAt": "2026-01-12T01:58:37.974Z",
  "deviceId": "passive-practice-remote",
  "sessionId": null,
  "playerId": null
}
