{
  "corners": {
    "topLeft": {
      "x": 0.6975694444444444,
      "y": 0.5258738527631323
    },
    "topRight": {
      "x": 0.2170138888888889,
      "y": 0.5043936731107206
    },
    "bottomLeft": {
      "x": 0.720486111111111,
      "y": 0.15797695762546377
    },
    "bottomRight": {
      "x": 0.2489583333333333,
      "y": 0.14391720367115798
    }
  },
  "frameWidth": 640,
  "frameHeight": 1138,
  "capturedAt": "2026-01-12T16:41:34.153Z",
  "deviceId": "passive-practice-remote",
  "sessionId": null,
  "playerId": null
}
