{
  "corners": {
    "topLeft": {
      "x": 0.6989583333333333,
      "y": 0.5258738527631323
    },
    "topRight": {
      "x": 0.2170138888888889,
      "y": 0.50497949619215
    },
    "bottomLeft": {
      "x": 0.7201388888888889,
      "y": 0.1577816832649873
    },
    "bottomRight": {
      "x": 0.2482638888888889,
      "y": 0.1456746729154462
    }
  },
  "frameWidth": 640,
  "frameHeight": 1138,
  "capturedAt": "2026-01-12T16:44:47.119Z",
  "deviceId": "passive-practice-remote",
  "sessionId": null,
  "playerId": null
}
