{
  "corners": {
    "topLeft": {
      "x": 0.6003472222222223,
      "y": 0.5248974809607498
    },
    "topRight": {
      "x": 0.11388888888888889,
      "y": 0.5065416910759617
    },
    "bottomLeft": {
      "x": 0.6170138888888889,
      "y": 0.14860378832259324
    },
    "bottomRight": {
      "x": 0.13680555555555557,
      "y": 0.13747314977543448
    }
  },
  "frameWidth": 640,
  "frameHeight": 1138,
  "capturedAt": "2026-01-10T21:37:00.888Z",
  "deviceId": "passive-practice-remote",
  "sessionId": null,
  "playerId": null
}
