{
  "corners": {
    "topLeft": {
      "x": 0.7097222222222221,
      "y": 0.5477445811364967
    },
    "topRight": {
      "x": 0.2361111111111111,
      "y": 0.5004881859011912
    },
    "bottomLeft": {
      "x": 0.7947916666666666,
      "y": 0.18512009373169303
    },
    "bottomRight": {
      "x": 0.3295138888888889,
      "y": 0.1474321421597344
    }
  },
  "frameWidth": 640,
  "frameHeight": 1138,
  "capturedAt": "2026-01-12T02:03:27.096Z",
  "deviceId": "passive-practice-remote",
  "sessionId": null,
  "playerId": null
}
