{
  "corners": {
    "topLeft": {
      "x": 0.684375,
      "y": 0.47295450107400894
    },
    "topRight": {
      "x": 0.20104166666666665,
      "y": 0.4991212653778559
    },
    "bottomLeft": {
      "x": 0.5923611111111111,
      "y": 0.10017574692442882
    },
    "bottomRight": {
      "x": 0.11701388888888889,
      "y": 0.13337238820542863
    }
  },
  "frameWidth": 640,
  "frameHeight": 1138,
  "capturedAt": "2026-01-10T21:30:04.234Z",
  "deviceId": "passive-practice-remote",
  "sessionId": null,
  "playerId": null
}
