{
  "corners": {
    "topLeft": {
      "x": 0.5978515625,
      "y": 0.4552083333333333
    },
    "topRight": {
      "x": 0.5865234375,
      "y": 0.8076388888888889
    },
    "bottomLeft": {
      "x": 0.316796875,
      "y": 0.45034722222222223
    },
    "bottomRight": {
      "x": 0.317578125,
      "y": 0.8100694444444444
    }
  },
  "frameWidth": 640,
  "frameHeight": 360,
  "capturedAt": "2026-01-13T21:02:47.501Z",
  "deviceId": "passive-practice-remote",
  "sessionId": null,
  "playerId": null
}
