{
  "corners": {
    "topLeft": {
      "x": 0.6895833333333333,
      "y": 0.546182386252685
    },
    "topRight": {
      "x": 0.22222222222222224,
      "y": 0.4866237063073618
    },
    "bottomLeft": {
      "x": 0.8034722222222221,
      "y": 0.188439757859793
    },
    "bottomRight": {
      "x": 0.34444444444444444,
      "y": 0.1386447959382933
    }
  },
  "frameWidth": 640,
  "frameHeight": 1138,
  "capturedAt": "2026-01-12T01:55:08.774Z",
  "deviceId": "passive-practice-remote",
  "sessionId": null,
  "playerId": null
}
