{
  "corners": {
    "topLeft": {
      "x": 0.690234375,
      "y": 0.41354166666666664
    },
    "topRight": {
      "x": 0.6716796875,
      "y": 0.7774305555555555
    },
    "bottomLeft": {
      "x": 0.4068359375,
      "y": 0.38819444444444445
    },
    "bottomRight": {
      "x": 0.397265625,
      "y": 0.7555555555555555
    }
  },
  "frameWidth": 640,
  "frameHeight": 360,
  "capturedAt": "2026-01-13T21:02:22.845Z",
  "deviceId": "passive-practice-remote",
  "sessionId": null,
  "playerId": null
}
