{
  "corners": {
    "topLeft": {
      "x": 0.7420138888888889,
      "y": 0.5081038859597734
    },
    "topRight": {
      "x": 0.2586805555555555,
      "y": 0.5055653192735793
    },
    "bottomLeft": {
      "x": 0.7190972222222222,
      "y": 0.14001171646162858
    },
    "bottomRight": {
      "x": 0.24548611111111113,
      "y": 0.14528412419449324
    }
  },
  "frameWidth": 640,
  "frameHeight": 1138,
  "capturedAt": "2026-01-12T16:49:08.527Z",
  "deviceId": "passive-practice-remote",
  "sessionId": null,
  "playerId": null
}
