{
  "corners": {
    "topLeft": {
      "x": 0.840625,
      "y": 0.42374536223393866
    },
    "topRight": {
      "x": 0.3663194444444444,
      "y": 0.4866237063073618
    },
    "bottomLeft": {
      "x": 0.6618055555555555,
      "y": 0.058777582503417296
    },
    "bottomRight": {
      "x": 0.19270833333333331,
      "y": 0.13063854715875806
    }
  },
  "frameWidth": 640,
  "frameHeight": 1138,
  "capturedAt": "2026-01-10T21:49:06.404Z",
  "deviceId": "passive-practice-remote",
  "sessionId": null,
  "playerId": null
}
