{
  "corners": {
    "topLeft": {
      "x": 0.6975694444444444,
      "y": 0.5258738527631323
    },
    "topRight": {
      "x": 0.2170138888888889,
      "y": 0.5043936731107206
    },
    "bottomLeft": {
      "x": 0.7197916666666666,
      "y": 0.1583675063464167
    },
    "bottomRight": {
      "x": 0.2482638888888889,
      "y": 0.1456746729154462
    }
  },
  "frameWidth": 640,
  "frameHeight": 1138,
  "capturedAt": "2026-01-12T16:40:06.186Z",
  "deviceId": "passive-practice-remote",
  "sessionId": null,
  "playerId": null
}
