{
  "corners": {
    "topLeft": {
      "x": 0.6642578125,
      "y": 0.43680555555555556
    },
    "topRight": {
      "x": 0.6451171875,
      "y": 0.8100694444444444
    },
    "bottomLeft": {
      "x": 0.37109375,
      "y": 0.4184027777777778
    },
    "bottomRight": {
      "x": 0.365625,
      "y": 0.7885416666666667
    }
  },
  "frameWidth": 640,
  "frameHeight": 360,
  "capturedAt": "2026-01-13T21:02:12.172Z",
  "deviceId": "passive-practice-remote",
  "sessionId": null,
  "playerId": null
}
