{
  "corners": {
    "topLeft": {
      "x": 0.7017361111111111,
      "y": 0.5254833040421792
    },
    "topRight": {
      "x": 0.21875,
      "y": 0.5053700449131029
    },
    "bottomLeft": {
      "x": 0.720486111111111,
      "y": 0.15719586018355788
    },
    "bottomRight": {
      "x": 0.2489583333333333,
      "y": 0.14391720367115798
    }
  },
  "frameWidth": 640,
  "frameHeight": 1138,
  "capturedAt": "2026-01-12T16:47:34.995Z",
  "deviceId": "passive-practice-remote",
  "sessionId": null,
  "playerId": null
}
