{
  "corners": {
    "topLeft": {
      "x": 0.6993055555555555,
      "y": 0.5260691271236086
    },
    "topRight": {
      "x": 0.2170138888888889,
      "y": 0.5051747705526264
    },
    "bottomLeft": {
      "x": 0.7201388888888889,
      "y": 0.1575864089045108
    },
    "bottomRight": {
      "x": 0.24756944444444443,
      "y": 0.1450888498340168
    }
  },
  "frameWidth": 640,
  "frameHeight": 1138,
  "capturedAt": "2026-01-12T16:44:55.125Z",
  "deviceId": "passive-practice-remote",
  "sessionId": null,
  "playerId": null
}
