{
  "corners": {
    "topLeft": {
      "x": 0.6357421875,
      "y": 0.5461805555555556
    },
    "topRight": {
      "x": 0.6384765625,
      "y": 0.8913194444444444
    },
    "bottomLeft": {
      "x": 0.37265625,
      "y": 0.5673611111111111
    },
    "bottomRight": {
      "x": 0.3798828125,
      "y": 0.909375
    }
  },
  "frameWidth": 640,
  "frameHeight": 360,
  "capturedAt": "2026-01-13T21:03:02.924Z",
  "deviceId": "passive-practice-remote",
  "sessionId": null,
  "playerId": null
}
