{
  "corners": {
    "topLeft": {
      "x": 0.6951171875,
      "y": 0.23715277777777777
    },
    "topRight": {
      "x": 0.69765625,
      "y": 0.6763888888888889
    },
    "bottomLeft": {
      "x": 0.3595703125,
      "y": 0.24791666666666667
    },
    "bottomRight": {
      "x": 0.3576171875,
      "y": 0.6840277777777778
    }
  },
  "frameWidth": 640,
  "frameHeight": 360,
  "capturedAt": "2026-01-10T16:10:59.651Z",
  "deviceId": "passive-practice-remote"
}
