{
  "corners": {
    "topLeft": {
      "x": 0.6830078125,
      "y": 0.4184027777777778
    },
    "topRight": {
      "x": 0.6625,
      "y": 0.7871527777777778
    },
    "bottomLeft": {
      "x": 0.394921875,
      "y": 0.3909722222222222
    },
    "bottomRight": {
      "x": 0.3849609375,
      "y": 0.7618055555555555
    }
  },
  "frameWidth": 640,
  "frameHeight": 360,
  "capturedAt": "2026-01-13T21:02:17.052Z",
  "deviceId": "passive-practice-remote",
  "sessionId": null,
  "playerId": null
}
