{
  "corners": {
    "topLeft": {
      "x": 0.6961805555555556,
      "y": 0.5004881859011912
    },
    "topRight": {
      "x": 0.2125,
      "y": 0.4774458113649677
    },
    "bottomLeft": {
      "x": 0.725,
      "y": 0.1251708650654169
    },
    "bottomRight": {
      "x": 0.24791666666666665,
      "y": 0.10915836750634642
    }
  },
  "frameWidth": 640,
  "frameHeight": 1138,
  "capturedAt": "2026-01-10T21:29:50.364Z",
  "deviceId": "passive-practice-remote",
  "sessionId": null,
  "playerId": null
}
