{
  "corners": {
    "topLeft": {
      "x": 0.68515625,
      "y": 0.41631944444444446
    },
    "topRight": {
      "x": 0.66484375,
      "y": 0.7854166666666667
    },
    "bottomLeft": {
      "x": 0.396484375,
      "y": 0.3892361111111111
    },
    "bottomRight": {
      "x": 0.386328125,
      "y": 0.7604166666666666
    }
  },
  "frameWidth": 640,
  "frameHeight": 360,
  "capturedAt": "2026-01-13T21:02:19.125Z",
  "deviceId": "passive-practice-remote",
  "sessionId": null,
  "playerId": null
}
