{
  "corners": {
    "topLeft": {
      "x": 0.6869140625,
      "y": 0.41354166666666664
    },
    "topRight": {
      "x": 0.6685546875,
      "y": 0.7795138888888888
    },
    "bottomLeft": {
      "x": 0.4025390625,
      "y": 0.3892361111111111
    },
    "bottomRight": {
      "x": 0.3927734375,
      "y": 0.7576388888888889
    }
  },
  "frameWidth": 640,
  "frameHeight": 360,
  "capturedAt": "2026-01-13T21:02:20.657Z",
  "deviceId": "passive-practice-remote",
  "sessionId": null,
  "playerId": null
}
