{
  "corners": {
    "topLeft": {
      "x": 0.6961805555555556,
      "y": 0.5006834602616675
    },
    "topRight": {
      "x": 0.2125,
      "y": 0.47725053700449127
    },
    "bottomLeft": {
      "x": 0.725,
      "y": 0.1251708650654169
    },
    "bottomRight": {
      "x": 0.24756944444444443,
      "y": 0.10915836750634642
    }
  },
  "frameWidth": 640,
  "frameHeight": 1138,
  "capturedAt": "2026-01-10T21:29:46.012Z",
  "deviceId": "passive-practice-remote",
  "sessionId": null,
  "playerId": null
}
