{
  "corners": {
    "topLeft": {
      "x": 0.684765625,
      "y": 0.23472222222222222
    },
    "topRight": {
      "x": 0.68515625,
      "y": 0.6715277777777777
    },
    "bottomLeft": {
      "x": 0.3505859375,
      "y": 0.24479166666666666
    },
    "bottomRight": {
      "x": 0.3490234375,
      "y": 0.6767361111111111
    }
  },
  "frameWidth": 640,
  "frameHeight": 360,
  "capturedAt": "2026-01-10T16:10:59.149Z",
  "deviceId": "passive-practice-remote"
}
