{
  "corners": {
    "topLeft": {
      "x": 0.5970703125,
      "y": 0.45
    },
    "topRight": {
      "x": 0.59140625,
      "y": 0.7965277777777777
    },
    "bottomLeft": {
      "x": 0.328125,
      "y": 0.45243055555555556
    },
    "bottomRight": {
      "x": 0.3283203125,
      "y": 0.8027777777777778
    }
  },
  "frameWidth": 640,
  "frameHeight": 360,
  "capturedAt": "2026-01-13T21:02:48.779Z",
  "deviceId": "passive-practice-remote",
  "sessionId": null,
  "playerId": null
}
