{
  "corners": {
    "topLeft": {
      "x": 0.6996527777777778,
      "y": 0.5254833040421792
    },
    "topRight": {
      "x": 0.2170138888888889,
      "y": 0.504588947471197
    },
    "bottomLeft": {
      "x": 0.720486111111111,
      "y": 0.15700058582308143
    },
    "bottomRight": {
      "x": 0.24791666666666665,
      "y": 0.14391720367115798
    }
  },
  "frameWidth": 640,
  "frameHeight": 1138,
  "capturedAt": "2026-01-12T16:45:24.228Z",
  "deviceId": "passive-practice-remote",
  "sessionId": null,
  "playerId": null
}
