{
  "corners": {
    "topLeft": {
      "x": 0.69609375,
      "y": 0.23541666666666666
    },
    "topRight": {
      "x": 0.699609375,
      "y": 0.6784722222222223
    },
    "bottomLeft": {
      "x": 0.35859375,
      "y": 0.24930555555555556
    },
    "bottomRight": {
      "x": 0.3568359375,
      "y": 0.6868055555555556
    }
  },
  "frameWidth": 640,
  "frameHeight": 360,
  "capturedAt": "2026-01-10T16:11:00.092Z",
  "deviceId": "passive-practice-remote"
}
