{
  "corners": {
    "topLeft": {
      "x": 0.6982638888888888,
      "y": 0.5254833040421792
    },
    "topRight": {
      "x": 0.2170138888888889,
      "y": 0.5043936731107206
    },
    "bottomLeft": {
      "x": 0.7201388888888889,
      "y": 0.15797695762546377
    },
    "bottomRight": {
      "x": 0.24861111111111112,
      "y": 0.1450888498340168
    }
  },
  "frameWidth": 640,
  "frameHeight": 1138,
  "capturedAt": "2026-01-12T16:41:45.810Z",
  "deviceId": "passive-practice-remote",
  "sessionId": null,
  "playerId": null
}
