{
  "corners": {
    "topLeft": {
      "x": 0.5864583333333333,
      "y": 0.5047842218316735
    },
    "topRight": {
      "x": 0.09965277777777777,
      "y": 0.4838898652606912
    },
    "bottomLeft": {
      "x": 0.6086805555555556,
      "y": 0.12809998047256393
    },
    "bottomRight": {
      "x": 0.12881944444444443,
      "y": 0.11423550087873462
    }
  },
  "frameWidth": 640,
  "frameHeight": 1138,
  "capturedAt": "2026-01-10T21:35:48.499Z",
  "deviceId": "passive-practice-remote",
  "sessionId": null,
  "playerId": null
}
