{
  "corners": {
    "topLeft": {
      "x": 0.65,
      "y": 0.5756944444444444
    },
    "topRight": {
      "x": 0.6408203125,
      "y": 0.9010416666666666
    },
    "bottomLeft": {
      "x": 0.4001953125,
      "y": 0.5670138888888889
    },
    "bottomRight": {
      "x": 0.39453125,
      "y": 0.9003472222222222
    }
  },
  "frameWidth": 640,
  "frameHeight": 360,
  "capturedAt": "2026-01-13T21:03:10.368Z",
  "deviceId": "passive-practice-remote",
  "sessionId": null,
  "playerId": null
}
