{
  "corners": {
    "topLeft": {
      "x": 0.6381944444444444,
      "y": 0.4903339191564148
    },
    "topRight": {
      "x": 0.14965277777777777,
      "y": 0.492091388400703
    },
    "bottomLeft": {
      "x": 0.6048611111111111,
      "y": 0.11286858035539932
    },
    "bottomRight": {
      "x": 0.11979166666666666,
      "y": 0.12341339582112867
    }
  },
  "frameWidth": 640,
  "frameHeight": 1138,
  "capturedAt": "2026-01-10T21:46:06.965Z",
  "deviceId": "passive-practice-remote",
  "sessionId": null,
  "playerId": null
}
