{
  "corners": {
    "topLeft": {
      "x": 0.6993055555555555,
      "y": 0.5252880296817027
    },
    "topRight": {
      "x": 0.2170138888888889,
      "y": 0.5043936731107206
    },
    "bottomLeft": {
      "x": 0.720486111111111,
      "y": 0.15680531146260496
    },
    "bottomRight": {
      "x": 0.24791666666666665,
      "y": 0.14430775239211088
    }
  },
  "frameWidth": 640,
  "frameHeight": 1138,
  "capturedAt": "2026-01-12T16:45:22.539Z",
  "deviceId": "passive-practice-remote",
  "sessionId": null,
  "playerId": null
}
