{
  "corners": {
    "topLeft": {
      "x": 0.6961805555555556,
      "y": 0.5264596758445615
    },
    "topRight": {
      "x": 0.215625,
      "y": 0.5051747705526264
    },
    "bottomLeft": {
      "x": 0.71875,
      "y": 0.15934387814879905
    },
    "bottomRight": {
      "x": 0.24861111111111112,
      "y": 0.14469830111306384
    }
  },
  "frameWidth": 640,
  "frameHeight": 1138,
  "capturedAt": "2026-01-12T16:38:38.193Z",
  "deviceId": "passive-practice-remote",
  "sessionId": null,
  "playerId": null
}
