{
  "corners": {
    "topLeft": {
      "x": 0.6993055555555555,
      "y": 0.5254833040421792
    },
    "topRight": {
      "x": 0.2170138888888889,
      "y": 0.5043936731107206
    },
    "bottomLeft": {
      "x": 0.720486111111111,
      "y": 0.15700058582308143
    },
    "bottomRight": {
      "x": 0.2482638888888889,
      "y": 0.14489357547354031
    }
  },
  "frameWidth": 640,
  "frameHeight": 1138,
  "capturedAt": "2026-01-12T16:45:29.037Z",
  "deviceId": "passive-practice-remote",
  "sessionId": null,
  "playerId": null
}
