{
  "corners": {
    "topLeft": {
      "x": 0.6939453125,
      "y": 0.45902777777777776
    },
    "topRight": {
      "x": 0.688671875,
      "y": 0.8107638888888888
    },
    "bottomLeft": {
      "x": 0.4298828125,
      "y": 0.453125
    },
    "bottomRight": {
      "x": 0.423828125,
      "y": 0.7975694444444444
    }
  },
  "frameWidth": 640,
  "frameHeight": 360,
  "capturedAt": "2026-01-13T21:02:57.510Z",
  "deviceId": "passive-practice-remote",
  "sessionId": null,
  "playerId": null
}
