{
  "corners": {
    "topLeft": {
      "x": 0.642578125,
      "y": 0.5746527777777778
    },
    "topRight": {
      "x": 0.644921875,
      "y": 0.9003472222222222
    },
    "bottomLeft": {
      "x": 0.3888671875,
      "y": 0.603125
    },
    "bottomRight": {
      "x": 0.3990234375,
      "y": 0.9350694444444444
    }
  },
  "frameWidth": 640,
  "frameHeight": 360,
  "capturedAt": "2026-01-13T21:03:08.014Z",
  "deviceId": "passive-practice-remote",
  "sessionId": null,
  "playerId": null
}
