{
  "corners": {
    "topLeft": {
      "x": 0.6961805555555556,
      "y": 0.526264401484085
    },
    "topRight": {
      "x": 0.215625,
      "y": 0.50497949619215
    },
    "bottomLeft": {
      "x": 0.71875,
      "y": 0.15953915250927553
    },
    "bottomRight": {
      "x": 0.2482638888888889,
      "y": 0.14645577035735208
    }
  },
  "frameWidth": 640,
  "frameHeight": 1138,
  "capturedAt": "2026-01-12T16:38:40.440Z",
  "deviceId": "passive-practice-remote",
  "sessionId": null,
  "playerId": null
}
