{
  "corners": {
    "topLeft": {
      "x": 0.6525390625,
      "y": 0.5256944444444445
    },
    "topRight": {
      "x": 0.643359375,
      "y": 0.878125
    },
    "bottomLeft": {
      "x": 0.382421875,
      "y": 0.5204861111111111
    },
    "bottomRight": {
      "x": 0.3787109375,
      "y": 0.8701388888888889
    }
  },
  "frameWidth": 640,
  "frameHeight": 360,
  "capturedAt": "2026-01-13T21:02:59.389Z",
  "deviceId": "passive-practice-remote",
  "sessionId": null,
  "playerId": null
}
