{
  "corners": {
    "topLeft": {
      "x": 0.7440972222222222,
      "y": 0.5346611989845733
    },
    "topRight": {
      "x": 0.265625,
      "y": 0.5008787346221442
    },
    "bottomLeft": {
      "x": 0.7944444444444444,
      "y": 0.17008396797500486
    },
    "bottomRight": {
      "x": 0.3263888888888889,
      "y": 0.14586994727592267
    }
  },
  "frameWidth": 640,
  "frameHeight": 1138,
  "capturedAt": "2026-01-12T02:07:59.176Z",
  "deviceId": "passive-practice-remote",
  "sessionId": null,
  "playerId": null
}
