{
  "corners": {
    "topLeft": {
      "x": 0.6916666666666667,
      "y": 0.5463776606131614
    },
    "topRight": {
      "x": 0.22152777777777777,
      "y": 0.48779535247022066
    },
    "bottomLeft": {
      "x": 0.8027777777777777,
      "y": 0.18629173989455183
    },
    "bottomRight": {
      "x": 0.3413194444444444,
      "y": 0.13825424721734034
    }
  },
  "frameWidth": 640,
  "frameHeight": 1138,
  "capturedAt": "2026-01-12T02:01:31.608Z",
  "deviceId": "passive-practice-remote",
  "sessionId": null,
  "playerId": null
}
