{
  "corners": {
    "topLeft": {
      "x": 0.8336805555555555,
      "y": 0.40851396211677404
    },
    "topRight": {
      "x": 0.3552083333333333,
      "y": 0.46221441124780316
    },
    "bottomLeft": {
      "x": 0.6770833333333333,
      "y": 0.04003124389767623
    },
    "bottomRight": {
      "x": 0.20347222222222222,
      "y": 0.10232376488966999
    }
  },
  "frameWidth": 640,
  "frameHeight": 1138,
  "capturedAt": "2026-01-10T21:51:32.026Z",
  "deviceId": "passive-practice-remote",
  "sessionId": null,
  "playerId": null
}
