{
  "corners": {
    "topLeft": {
      "x": 0.7097222222222221,
      "y": 0.5473540324155438
    },
    "topRight": {
      "x": 0.23541666666666666,
      "y": 0.49970708845928524
    },
    "bottomLeft": {
      "x": 0.7947916666666666,
      "y": 0.18472954501074007
    },
    "bottomRight": {
      "x": 0.33125,
      "y": 0.14547939855496972
    }
  },
  "frameWidth": 640,
  "frameHeight": 1138,
  "capturedAt": "2026-01-12T02:06:20.924Z",
  "deviceId": "passive-practice-remote",
  "sessionId": null,
  "playerId": null
}
