{
  "corners": {
    "topLeft": {
      "x": 0.6909722222222221,
      "y": 0.546182386252685
    },
    "topRight": {
      "x": 0.22152777777777777,
      "y": 0.4876000781097442
    },
    "bottomLeft": {
      "x": 0.8020833333333333,
      "y": 0.18648701425502828
    },
    "bottomRight": {
      "x": 0.3413194444444444,
      "y": 0.13766842413591093
    }
  },
  "frameWidth": 640,
  "frameHeight": 1138,
  "capturedAt": "2026-01-12T02:01:02.564Z",
  "deviceId": "passive-practice-remote",
  "sessionId": null,
  "playerId": null
}
