{
  "corners": {
    "topLeft": {
      "x": 0.7451388888888888,
      "y": 0.5346611989845733
    },
    "topRight": {
      "x": 0.26666666666666666,
      "y": 0.5010740089826206
    },
    "bottomLeft": {
      "x": 0.7954861111111111,
      "y": 0.17027924233548133
    },
    "bottomRight": {
      "x": 0.32743055555555556,
      "y": 0.14586994727592267
    }
  },
  "frameWidth": 640,
  "frameHeight": 1138,
  "capturedAt": "2026-01-12T02:09:48.226Z",
  "deviceId": "passive-practice-remote",
  "sessionId": null,
  "playerId": null
}
