{
  "corners": {
    "topLeft": {
      "x": 0.5888888888888888,
      "y": 0.49834016793595
    },
    "topRight": {
      "x": 0.10173611111111111,
      "y": 0.482132396016403
    },
    "bottomLeft": {
      "x": 0.5993055555555555,
      "y": 0.12107010349541104
    },
    "bottomRight": {
      "x": 0.11944444444444444,
      "y": 0.11208748291349345
    }
  },
  "frameWidth": 640,
  "frameHeight": 1138,
  "capturedAt": "2026-01-10T21:35:31.026Z",
  "deviceId": "passive-practice-remote",
  "sessionId": null,
  "playerId": null
}
