{
  "corners": {
    "topLeft": {
      "x": 0.6392578125,
      "y": 0.5548611111111111
    },
    "topRight": {
      "x": 0.638671875,
      "y": 0.8961805555555555
    },
    "bottomLeft": {
      "x": 0.37734375,
      "y": 0.5715277777777777
    },
    "bottomRight": {
      "x": 0.383203125,
      "y": 0.9090277777777778
    }
  },
  "frameWidth": 640,
  "frameHeight": 360,
  "capturedAt": "2026-01-13T21:03:04.345Z",
  "deviceId": "passive-practice-remote",
  "sessionId": null,
  "playerId": null
}
