{
  "corners": {
    "topLeft": {
      "x": 0.6975694444444444,
      "y": 0.5254833040421792
    },
    "topRight": {
      "x": 0.21597222222222223,
      "y": 0.5041983987502441
    },
    "bottomLeft": {
      "x": 0.7197916666666666,
      "y": 0.1583675063464167
    },
    "bottomRight": {
      "x": 0.2482638888888889,
      "y": 0.14528412419449324
    }
  },
  "frameWidth": 640,
  "frameHeight": 1138,
  "capturedAt": "2026-01-12T16:40:47.639Z",
  "deviceId": "passive-practice-remote",
  "sessionId": null,
  "playerId": null
}
