{
  "corners": {
    "topLeft": {
      "x": 0.7017361111111111,
      "y": 0.5256785784026556
    },
    "topRight": {
      "x": 0.21875,
      "y": 0.5053700449131029
    },
    "bottomLeft": {
      "x": 0.7208333333333333,
      "y": 0.15739113454403436
    },
    "bottomRight": {
      "x": 0.2482638888888889,
      "y": 0.1456746729154462
    }
  },
  "frameWidth": 640,
  "frameHeight": 1138,
  "capturedAt": "2026-01-12T16:46:31.564Z",
  "deviceId": "passive-practice-remote",
  "sessionId": null,
  "playerId": null
}
