{
  "corners": {
    "topLeft": {
      "x": 0.8482638888888889,
      "y": 0.4186682288615504
    },
    "topRight": {
      "x": 0.375,
      "y": 0.4829134934583089
    },
    "bottomLeft": {
      "x": 0.6659722222222222,
      "y": 0.05389572349150556
    },
    "bottomRight": {
      "x": 0.19722222222222222,
      "y": 0.12731888303065808
    }
  },
  "frameWidth": 640,
  "frameHeight": 1138,
  "capturedAt": "2026-01-10T21:50:15.238Z",
  "deviceId": "passive-practice-remote",
  "sessionId": null,
  "playerId": null
}
