{
  "corners": {
    "topLeft": {
      "x": 0.6010416666666666,
      "y": 0.5252880296817027
    },
    "topRight": {
      "x": 0.11388888888888889,
      "y": 0.5069322397969146
    },
    "bottomLeft": {
      "x": 0.6166666666666666,
      "y": 0.14840851396211677
    },
    "bottomRight": {
      "x": 0.13645833333333332,
      "y": 0.13747314977543448
    }
  },
  "frameWidth": 640,
  "frameHeight": 1138,
  "capturedAt": "2026-01-10T21:38:22.758Z",
  "deviceId": "passive-practice-remote",
  "sessionId": null,
  "playerId": null
}
