{
  "corners": {
    "topLeft": {
      "x": 0.8482638888888889,
      "y": 0.4186682288615504
    },
    "topRight": {
      "x": 0.37673611111111105,
      "y": 0.4827182190978324
    },
    "bottomLeft": {
      "x": 0.665625,
      "y": 0.0542862722124585
    },
    "bottomRight": {
      "x": 0.19756944444444444,
      "y": 0.127709431751611
    }
  },
  "frameWidth": 640,
  "frameHeight": 1138,
  "capturedAt": "2026-01-10T21:49:40.209Z",
  "deviceId": "passive-practice-remote",
  "sessionId": null,
  "playerId": null
}
