{
  "corners": {
    "topLeft": {
      "x": 0.7357421875,
      "y": 0.45868055555555554
    },
    "topRight": {
      "x": 0.670703125,
      "y": 0.7770833333333333
    },
    "bottomLeft": {
      "x": 0.48125,
      "y": 0.3267361111111111
    },
    "bottomRight": {
      "x": 0.4287109375,
      "y": 0.6541666666666667
    }
  },
  "frameWidth": 640,
  "frameHeight": 360,
  "capturedAt": "2026-01-13T21:02:36.221Z",
  "deviceId": "passive-practice-remote",
  "sessionId": null,
  "playerId": null
}
