{
  "corners": {
    "topLeft": {
      "x": 0.6305555555555555,
      "y": 0.4848662370630736
    },
    "topRight": {
      "x": 0.6086805555555556,
      "y": 0.10720562390158173
    },
    "bottomLeft": {
      "x": 0.6086805555555556,
      "y": 0.10701034954110525
    },
    "bottomRight": {
      "x": 0.1222222222222222,
      "y": 0.11325912907635227
    }
  },
  "frameWidth": 640,
  "frameHeight": 1138,
  "capturedAt": "2026-01-10T21:47:16.781Z",
  "deviceId": "passive-practice-remote",
  "sessionId": null,
  "playerId": null
}
