{
  "corners": {
    "topLeft": {
      "x": 0.5888888888888888,
      "y": 0.49834016793595
    },
    "topRight": {
      "x": 0.10173611111111111,
      "y": 0.4819371216559266
    },
    "bottomLeft": {
      "x": 0.5993055555555555,
      "y": 0.12087482913493457
    },
    "bottomRight": {
      "x": 0.11909722222222222,
      "y": 0.11189220855301699
    }
  },
  "frameWidth": 640,
  "frameHeight": 1138,
  "capturedAt": "2026-01-10T21:35:27.406Z",
  "deviceId": "passive-practice-remote",
  "sessionId": null,
  "playerId": null
}
