{
  "corners": {
    "topLeft": {
      "x": 0.7097222222222221,
      "y": 0.5475493067760203
    },
    "topRight": {
      "x": 0.23541666666666666,
      "y": 0.4999023628197618
    },
    "bottomLeft": {
      "x": 0.7947916666666666,
      "y": 0.18472954501074007
    },
    "bottomRight": {
      "x": 0.32916666666666666,
      "y": 0.14684631907830503
    }
  },
  "frameWidth": 640,
  "frameHeight": 1138,
  "capturedAt": "2026-01-12T02:04:57.401Z",
  "deviceId": "passive-practice-remote",
  "sessionId": null,
  "playerId": null
}
