{
  "corners": {
    "topLeft": {
      "x": 0.6716796875,
      "y": 0.42916666666666664
    },
    "topRight": {
      "x": 0.65234375,
      "y": 0.8
    },
    "bottomLeft": {
      "x": 0.381640625,
      "y": 0.4076388888888889
    },
    "bottomRight": {
      "x": 0.37421875,
      "y": 0.7770833333333333
    }
  },
  "frameWidth": 640,
  "frameHeight": 360,
  "capturedAt": "2026-01-13T21:02:13.294Z",
  "deviceId": "passive-practice-remote",
  "sessionId": null,
  "playerId": null
}
