{
  "corners": {
    "topLeft": {
      "x": 0.7097222222222221,
      "y": 0.5475493067760203
    },
    "topRight": {
      "x": 0.2361111111111111,
      "y": 0.5000976371802383
    },
    "bottomLeft": {
      "x": 0.7944444444444444,
      "y": 0.18551064245264595
    },
    "bottomRight": {
      "x": 0.3302083333333333,
      "y": 0.1474321421597344
    }
  },
  "frameWidth": 640,
  "frameHeight": 1138,
  "capturedAt": "2026-01-12T02:03:19.490Z",
  "deviceId": "passive-practice-remote",
  "sessionId": null,
  "playerId": null
}
