{
  "corners": {
    "topLeft": {
      "x": 0.564236111111111,
      "y": 0.4778363600859207
    },
    "topRight": {
      "x": 0.0767361111111111,
      "y": 0.45577035735207966
    },
    "bottomLeft": {
      "x": 0.5888888888888888,
      "y": 0.09978519820347587
    },
    "bottomRight": {
      "x": 0.10868055555555556,
      "y": 0.08533489552821713
    }
  },
  "frameWidth": 640,
  "frameHeight": 1138,
  "capturedAt": "2026-01-10T21:39:51.095Z",
  "deviceId": "passive-practice-remote",
  "sessionId": null,
  "playerId": null
}
