{
  "corners": {
    "topLeft": {
      "x": 0.7420138888888889,
      "y": 0.5081038859597734
    },
    "topRight": {
      "x": 0.25798611111111114,
      "y": 0.5051747705526264
    },
    "bottomLeft": {
      "x": 0.71875,
      "y": 0.13981644210115213
    },
    "bottomRight": {
      "x": 0.24548611111111113,
      "y": 0.14430775239211088
    }
  },
  "frameWidth": 640,
  "frameHeight": 1138,
  "capturedAt": "2026-01-12T16:51:03.133Z",
  "deviceId": "passive-practice-remote",
  "sessionId": null,
  "playerId": null
}
