{
  "corners": {
    "topLeft": {
      "x": 0.6371527777777778,
      "y": 0.4899433704354618
    },
    "topRight": {
      "x": 0.14930555555555555,
      "y": 0.49170083967975003
    },
    "bottomLeft": {
      "x": 0.6048611111111111,
      "y": 0.11267330599492287
    },
    "bottomRight": {
      "x": 0.11944444444444444,
      "y": 0.12302284710017575
    }
  },
  "frameWidth": 640,
  "frameHeight": 1138,
  "capturedAt": "2026-01-10T21:46:00.277Z",
  "deviceId": "passive-practice-remote",
  "sessionId": null,
  "playerId": null
}
