{
  "corners": {
    "topLeft": {
      "x": 0.6958333333333333,
      "y": 0.5006834602616675
    },
    "topRight": {
      "x": 0.2125,
      "y": 0.4774458113649677
    },
    "bottomLeft": {
      "x": 0.7246527777777778,
      "y": 0.12536613942589336
    },
    "bottomRight": {
      "x": 0.24652777777777776,
      "y": 0.10896309314586995
    }
  },
  "frameWidth": 640,
  "frameHeight": 1138,
  "capturedAt": "2026-01-10T21:29:28.651Z",
  "deviceId": "passive-practice-remote",
  "sessionId": null,
  "playerId": null
}
