{
  "corners": {
    "topLeft": {
      "x": 0.6732421875,
      "y": 0.23333333333333334
    },
    "topRight": {
      "x": 0.6693359375,
      "y": 0.6739583333333333
    },
    "bottomLeft": {
      "x": 0.341015625,
      "y": 0.25069444444444444
    },
    "bottomRight": {
      "x": 0.33984375,
      "y": 0.6715277777777777
    }
  },
  "frameWidth": 640,
  "frameHeight": 360,
  "capturedAt": "2026-01-10T16:10:58.059Z",
  "deviceId": "passive-practice-remote"
}
