{
  "corners": {
    "topLeft": {
      "x": 0.6482421875,
      "y": 0.5201388888888889
    },
    "topRight": {
      "x": 0.641015625,
      "y": 0.8802083333333334
    },
    "bottomLeft": {
      "x": 0.373828125,
      "y": 0.5159722222222223
    },
    "bottomRight": {
      "x": 0.36953125,
      "y": 0.8767361111111112
    }
  },
  "frameWidth": 640,
  "frameHeight": 360,
  "capturedAt": "2026-01-13T21:02:56.186Z",
  "deviceId": "passive-practice-remote",
  "sessionId": null,
  "playerId": null
}
