{
  "corners": {
    "topLeft": {
      "x": 0.6913194444444444,
      "y": 0.546182386252685
    },
    "topRight": {
      "x": 0.22152777777777777,
      "y": 0.4876000781097442
    },
    "bottomLeft": {
      "x": 0.8020833333333333,
      "y": 0.18687756297598124
    },
    "bottomRight": {
      "x": 0.3413194444444444,
      "y": 0.1380589728568639
    }
  },
  "frameWidth": 640,
  "frameHeight": 1138,
  "capturedAt": "2026-01-12T02:00:56.903Z",
  "deviceId": "passive-practice-remote",
  "sessionId": null,
  "playerId": null
}
