{
  "corners": {
    "topLeft": {
      "x": 0.6975694444444444,
      "y": 0.5258738527631323
    },
    "topRight": {
      "x": 0.21666666666666665,
      "y": 0.5043936731107206
    },
    "bottomLeft": {
      "x": 0.7197916666666666,
      "y": 0.15875805506736965
    },
    "bottomRight": {
      "x": 0.2489583333333333,
      "y": 0.1456746729154462
    }
  },
  "frameWidth": 640,
  "frameHeight": 1138,
  "capturedAt": "2026-01-12T16:39:39.755Z",
  "deviceId": "passive-practice-remote",
  "sessionId": null,
  "playerId": null
}
