{
  "corners": {
    "topLeft": {
      "x": 0.7017361111111111,
      "y": 0.5254833040421792
    },
    "topRight": {
      "x": 0.21909722222222222,
      "y": 0.5051747705526264
    },
    "bottomLeft": {
      "x": 0.720486111111111,
      "y": 0.15719586018355788
    },
    "bottomRight": {
      "x": 0.2482638888888889,
      "y": 0.1456746729154462
    }
  },
  "frameWidth": 640,
  "frameHeight": 1138,
  "capturedAt": "2026-01-12T16:47:30.361Z",
  "deviceId": "passive-practice-remote",
  "sessionId": null,
  "playerId": null
}
