{
  "corners": {
    "topLeft": {
      "x": 0.5788194444444443,
      "y": 0.4774458113649677
    },
    "topRight": {
      "x": 0.08993055555555554,
      "y": 0.46397188049209137
    },
    "bottomLeft": {
      "x": 0.5822916666666667,
      "y": 0.09939464948252294
    },
    "bottomRight": {
      "x": 0.10104166666666665,
      "y": 0.09353641866822886
    }
  },
  "frameWidth": 640,
  "frameHeight": 1138,
  "capturedAt": "2026-01-10T21:40:45.370Z",
  "deviceId": "passive-practice-remote",
  "sessionId": null,
  "playerId": null
}
