{
  "corners": {
    "topLeft": {
      "x": 0.6371527777777778,
      "y": 0.4899433704354618
    },
    "topRight": {
      "x": 0.14895833333333333,
      "y": 0.4911150165983207
    },
    "bottomLeft": {
      "x": 0.60625,
      "y": 0.11228275727396993
    },
    "bottomRight": {
      "x": 0.12013888888888888,
      "y": 0.12243702401874632
    }
  },
  "frameWidth": 640,
  "frameHeight": 1138,
  "capturedAt": "2026-01-10T21:42:49.953Z",
  "deviceId": "passive-practice-remote",
  "sessionId": null,
  "playerId": null
}
