{
  "corners": {
    "topLeft": {
      "x": 0.7017361111111111,
      "y": 0.5252880296817027
    },
    "topRight": {
      "x": 0.21840277777777778,
      "y": 0.5053700449131029
    },
    "bottomLeft": {
      "x": 0.720486111111111,
      "y": 0.15700058582308143
    },
    "bottomRight": {
      "x": 0.24756944444444443,
      "y": 0.1456746729154462
    }
  },
  "frameWidth": 640,
  "frameHeight": 1138,
  "capturedAt": "2026-01-12T16:48:44.535Z",
  "deviceId": "passive-practice-remote",
  "sessionId": null,
  "playerId": null
}
