{
  "corners": {
    "topLeft": {
      "x": 0.7097222222222221,
      "y": 0.5475493067760203
    },
    "topRight": {
      "x": 0.23576388888888888,
      "y": 0.49970708845928524
    },
    "bottomLeft": {
      "x": 0.7947916666666666,
      "y": 0.18492481937121655
    },
    "bottomRight": {
      "x": 0.3295138888888889,
      "y": 0.14665104471782855
    }
  },
  "frameWidth": 640,
  "frameHeight": 1138,
  "capturedAt": "2026-01-12T02:04:57.141Z",
  "deviceId": "passive-practice-remote",
  "sessionId": null,
  "playerId": null
}
