{
  "corners": {
    "topLeft": {
      "x": 0.7097222222222221,
      "y": 0.5473540324155438
    },
    "topRight": {
      "x": 0.23576388888888888,
      "y": 0.49970708845928524
    },
    "bottomLeft": {
      "x": 0.7944444444444444,
      "y": 0.18472954501074007
    },
    "bottomRight": {
      "x": 0.3295138888888889,
      "y": 0.14704159343878148
    }
  },
  "frameWidth": 640,
  "frameHeight": 1138,
  "capturedAt": "2026-01-12T02:05:16.646Z",
  "deviceId": "passive-practice-remote",
  "sessionId": null,
  "playerId": null
}
