{
  "corners": {
    "topLeft": {
      "x": 0.6515625,
      "y": 0.5684027777777778
    },
    "topRight": {
      "x": 0.64375,
      "y": 0.8940972222222222
    },
    "bottomLeft": {
      "x": 0.3990234375,
      "y": 0.5673611111111111
    },
    "bottomRight": {
      "x": 0.397265625,
      "y": 0.9010416666666666
    }
  },
  "frameWidth": 640,
  "frameHeight": 360,
  "capturedAt": "2026-01-13T21:03:09.686Z",
  "deviceId": "passive-practice-remote",
  "sessionId": null,
  "playerId": null
}
