{
  "corners": {
    "topLeft": {
      "x": 0.7048295454545455,
      "y": 0.3057228915662651
    },
    "topRight": {
      "x": 0.7301136363636364,
      "y": 0.6251882530120482
    },
    "bottomLeft": {
      "x": 0.3806818181818182,
      "y": 0.34676204819277107
    },
    "bottomRight": {
      "x": 0.3913352272727273,
      "y": 0.6684864457831325
    }
  },
  "frameWidth": 1760,
  "frameHeight": 1328,
  "capturedAt": "2026-01-09T00:10:40.447Z",
  "deviceId": "default"
}
