{
  "corners": {
    "topLeft": {
      "x": 0.7353693181818182,
      "y": 0.4553840361445783
    },
    "topRight": {
      "x": 0.6110795454545455,
      "y": 0.8008283132530121
    },
    "bottomLeft": {
      "x": 0.37514204545454544,
      "y": 0.22778614457831325
    },
    "bottomRight": {
      "x": 0.24204545454545454,
      "y": 0.5828313253012049
    }
  },
  "frameWidth": 1760,
  "frameHeight": 1328,
  "capturedAt": "2026-01-09T18:44:23.193Z",
  "deviceId": "default"
}
