{
  "corners": {
    "topLeft": {
      "x": 0.741015625,
      "y": 0.30694444444444446
    },
    "topRight": {
      "x": 0.7654296875,
      "y": 0.7475694444444444
    },
    "bottomLeft": {
      "x": 0.415625,
      "y": 0.33576388888888886
    },
    "bottomRight": {
      "x": 0.4072265625,
      "y": 0.7694444444444445
    }
  },
  "frameWidth": 1280,
  "frameHeight": 720,
  "capturedAt": "2026-01-09T15:42:50.502Z",
  "deviceId": "default"
}
