{
  "corners": {
    "topLeft": {
      "x": 0.7549715909090909,
      "y": 0.3542921686746988
    },
    "topRight": {
      "x": 0.7444602272727273,
      "y": 0.639683734939759
    },
    "bottomLeft": {
      "x": 0.4634943181818182,
      "y": 0.31061746987951805
    },
    "bottomRight": {
      "x": 0.43863636363636366,
      "y": 0.6242469879518072
    }
  },
  "frameWidth": 1760,
  "frameHeight": 1328,
  "capturedAt": "2026-01-09T00:11:34.064Z",
  "deviceId": "default"
}
