{
  "corners": {
    "topLeft": {
      "x": 0.7053977272727273,
      "y": 0.6912650602409639
    },
    "topRight": {
      "x": 0.47698863636363636,
      "y": 0.6711219879518072
    },
    "bottomLeft": {
      "x": 0.6791193181818181,
      "y": 0.19314759036144577
    },
    "bottomRight": {
      "x": 0.4447443181818182,
      "y": 0.2552710843373494
    }
  },
  "frameWidth": 1760,
  "frameHeight": 1328,
  "capturedAt": "2026-01-09T00:11:00.201Z",
  "deviceId": "default"
}
