{
  "corners": {
    "topLeft": {
      "x": 0.584375,
      "y": 0.6305555555555555
    },
    "topRight": {
      "x": 0.4216796875,
      "y": 0.6743055555555556
    },
    "bottomLeft": {
      "x": 0.54765625,
      "y": 0.23645833333333333
    },
    "bottomRight": {
      "x": 0.3873046875,
      "y": 0.2847222222222222
    }
  },
  "frameWidth": 1280,
  "frameHeight": 720,
  "capturedAt": "2026-01-09T16:01:33.933Z",
  "deviceId": "default"
}
