{
  "corners": {
    "topLeft": {
      "x": 0.7822443181818182,
      "y": 0.3704819277108434
    },
    "topRight": {
      "x": 0.8170454545454545,
      "y": 0.7407756024096386
    },
    "bottomLeft": {
      "x": 0.40397727272727274,
      "y": 0.3910015060240964
    },
    "bottomRight": {
      "x": 0.41264204545454547,
      "y": 0.8064759036144579
    }
  },
  "frameWidth": 1760,
  "frameHeight": 1328,
  "capturedAt": "2026-01-09T00:11:17.547Z",
  "deviceId": "default"
}
