{
  "corners": {
    "topLeft": {
      "x": 0.7341796875,
      "y": 0.8354166666666667
    },
    "topRight": {
      "x": 0.4875,
      "y": 0.7173611111111111
    },
    "bottomLeft": {
      "x": 0.79375,
      "y": 0.23194444444444445
    },
    "bottomRight": {
      "x": 0.5548828125,
      "y": 0.1638888888888889
    }
  },
  "frameWidth": 640,
  "frameHeight": 360,
  "capturedAt": "2026-01-09T15:51:38.458Z",
  "deviceId": "default"
}
