{
  "corners": {
    "topLeft": {
      "x": 0.6611328125,
      "y": 0.2923611111111111
    },
    "topRight": {
      "x": 0.671484375,
      "y": 0.6638888888888889
    },
    "bottomLeft": {
      "x": 0.3755859375,
      "y": 0.29791666666666666
    },
    "bottomRight": {
      "x": 0.3701171875,
      "y": 0.6868055555555556
    }
  },
  "frameWidth": 1280,
  "frameHeight": 720,
  "capturedAt": "2026-01-09T16:09:08.801Z",
  "deviceId": "default"
}
