{
  "corners": {
    "topLeft": {
      "x": 0.49140625,
      "y": 0.6131944444444445
    },
    "topRight": {
      "x": 0.435546875,
      "y": 0.3524305555555556
    },
    "bottomLeft": {
      "x": 0.6974609375,
      "y": 0.4826388888888889
    },
    "bottomRight": {
      "x": 0.6462890625,
      "y": 0.19930555555555557
    }
  },
  "frameWidth": 1280,
  "frameHeight": 720,
  "capturedAt": "2026-01-09T16:01:39.518Z",
  "deviceId": "default"
}
