{
  "corners": {
    "topLeft": {
      "x": 0.4159090909090909,
      "y": 0.6971009036144579
    },
    "topRight": {
      "x": 0.4075284090909091,
      "y": 0.4147213855421687
    },
    "bottomLeft": {
      "x": 0.7076704545454545,
      "y": 0.6799698795180723
    },
    "bottomRight": {
      "x": 0.7025568181818181,
      "y": 0.39175451807228917
    }
  },
  "frameWidth": 1760,
  "frameHeight": 1328,
  "capturedAt": "2026-01-08T23:42:08.366Z",
  "deviceId": "default"
}
