{
  "corners": {
    "topLeft": {
      "x": 0.6697443181818182,
      "y": 0.3846009036144578
    },
    "topRight": {
      "x": 0.6605113636363636,
      "y": 0.661144578313253
    },
    "bottomLeft": {
      "x": 0.37329545454545454,
      "y": 0.3804593373493976
    },
    "bottomRight": {
      "x": 0.3705965909090909,
      "y": 0.6649096385542169
    }
  },
  "frameWidth": 1760,
  "frameHeight": 1328,
  "capturedAt": "2026-01-09T22:25:32.724Z",
  "deviceId": "default"
}
