{
  "corners": {
    "topLeft": {
      "x": 0.5943359375,
      "y": 0.7916666666666666
    },
    "topRight": {
      "x": 0.37734375,
      "y": 0.7090277777777778
    },
    "bottomLeft": {
      "x": 0.6609375,
      "y": 0.26458333333333334
    },
    "bottomRight": {
      "x": 0.438671875,
      "y": 0.16354166666666667
    }
  },
  "frameWidth": 1280,
  "frameHeight": 720,
  "capturedAt": "2026-01-09T16:01:45.064Z",
  "deviceId": "default"
}
