{
  "corners": {
    "topLeft": {
      "x": 0.7345703125,
      "y": 0.16979166666666667
    },
    "topRight": {
      "x": 0.7697265625,
      "y": 0.4638888888888889
    },
    "bottomLeft": {
      "x": 0.499609375,
      "y": 0.20173611111111112
    },
    "bottomRight": {
      "x": 0.5125,
      "y": 0.5138888888888888
    }
  },
  "frameWidth": 1280,
  "frameHeight": 720,
  "capturedAt": "2026-01-09T16:08:54.731Z",
  "deviceId": "default"
}
