{
  "corners": {
    "topLeft": {
      "x": 0.70625,
      "y": 0.2111111111111111
    },
    "topRight": {
      "x": 0.7126953125,
      "y": 0.6423611111111112
    },
    "bottomLeft": {
      "x": 0.413671875,
      "y": 0.2899305555555556
    },
    "bottomRight": {
      "x": 0.4087890625,
      "y": 0.6465277777777778
    }
  },
  "frameWidth": 640,
  "frameHeight": 360,
  "capturedAt": "2026-01-09T15:46:20.984Z",
  "deviceId": "default"
}
