{
  "corners": {
    "topLeft": {
      "x": 0.6703125,
      "y": 0.3874246987951807
    },
    "topRight": {
      "x": 0.654971590909091,
      "y": 0.688441265060241
    },
    "bottomLeft": {
      "x": 0.35,
      "y": 0.3682228915662651
    },
    "bottomRight": {
      "x": 0.3387784090909091,
      "y": 0.6778990963855421
    }
  },
  "frameWidth": 1760,
  "frameHeight": 1328,
  "capturedAt": "2026-01-09T22:25:32.751Z",
  "deviceId": "default"
}
