{
  "corners": {
    "topLeft": {
      "x": 0.6512784090909091,
      "y": 0.9051204819277109
    },
    "topRight": {
      "x": 0.3404829545454545,
      "y": 0.864269578313253
    },
    "bottomLeft": {
      "x": 0.7578125,
      "y": 0.34563253012048195
    },
    "bottomRight": {
      "x": 0.3762784090909091,
      "y": 0.2526355421686747
    }
  },
  "frameWidth": 1760,
  "frameHeight": 1328,
  "capturedAt": "2026-01-09T22:26:38.548Z",
  "deviceId": "default"
}
