{
  "corners": {
    "topLeft": {
      "x": 0.586328125,
      "y": 0.6840277777777778
    },
    "topRight": {
      "x": 0.401953125,
      "y": 0.6604166666666667
    },
    "bottomLeft": {
      "x": 0.597265625,
      "y": 0.25972222222222224
    },
    "bottomRight": {
      "x": 0.422265625,
      "y": 0.23229166666666667
    }
  },
  "frameWidth": 1280,
  "frameHeight": 720,
  "capturedAt": "2026-01-09T16:00:44.692Z",
  "deviceId": "default"
}
