{
  "corners": {
    "topLeft": {
      "x": 0.671875,
      "y": 0.24228162650602408
    },
    "topRight": {
      "x": 0.7157670454545455,
      "y": 0.6272590361445783
    },
    "bottomLeft": {
      "x": 0.3112215909090909,
      "y": 0.3341490963855422
    },
    "bottomRight": {
      "x": 0.32897727272727273,
      "y": 0.6880647590361446
    }
  },
  "frameWidth": 1760,
  "frameHeight": 1328,
  "capturedAt": "2026-01-09T18:44:28.559Z",
  "deviceId": "default"
}
