{
  "corners": {
    "topLeft": {
      "x": 0.6830965909090909,
      "y": 0.26750753012048195
    },
    "topRight": {
      "x": 0.7303977272727272,
      "y": 0.5977033132530121
    },
    "bottomLeft": {
      "x": 0.34744318181818185,
      "y": 0.34544427710843373
    },
    "bottomRight": {
      "x": 0.37670454545454546,
      "y": 0.6805346385542169
    }
  },
  "frameWidth": 1760,
  "frameHeight": 1328,
  "capturedAt": "2026-01-09T00:11:22.907Z",
  "deviceId": "default"
}
