{
  "corners": {
    "topLeft": {
      "x": 0.7708984375,
      "y": 0.3854166666666667
    },
    "topRight": {
      "x": 0.7216796875,
      "y": 0.7684027777777778
    },
    "bottomLeft": {
      "x": 0.47734375,
      "y": 0.2545138888888889
    },
    "bottomRight": {
      "x": 0.41640625,
      "y": 0.6545138888888888
    }
  },
  "frameWidth": 1280,
  "frameHeight": 720,
  "capturedAt": "2026-01-09T16:01:49.965Z",
  "deviceId": "default"
}
