{
  "corners": {
    "topLeft": {
      "x": 0.3947265625,
      "y": 0.7013888888888888
    },
    "topRight": {
      "x": 0.38984375,
      "y": 0.32743055555555556
    },
    "bottomLeft": {
      "x": 0.7009765625,
      "y": 0.6392361111111111
    },
    "bottomRight": {
      "x": 0.66796875,
      "y": 0.2701388888888889
    }
  },
  "frameWidth": 640,
  "frameHeight": 360,
  "capturedAt": "2026-01-09T15:42:53.269Z",
  "deviceId": "default"
}
