{
  "corners": {
    "topLeft": {
      "x": 0.424609375,
      "y": 0.7826388888888889
    },
    "topRight": {
      "x": 0.4123046875,
      "y": 0.36006944444444444
    },
    "bottomLeft": {
      "x": 0.77734375,
      "y": 0.6993055555555555
    },
    "bottomRight": {
      "x": 0.726171875,
      "y": 0.2777777777777778
    }
  },
  "frameWidth": 640,
  "frameHeight": 360,
  "capturedAt": "2026-01-09T15:42:50.185Z",
  "deviceId": "default"
}
