{
  "corners": {
    "topLeft": {
      "x": 0.273828125,
      "y": 0.24409722222222222
    },
    "topRight": {
      "x": 0.4765625,
      "y": 0.3111111111111111
    },
    "bottomLeft": {
      "x": 0.2541015625,
      "y": 0.7725694444444444
    },
    "bottomRight": {
      "x": 0.4564453125,
      "y": 0.7663194444444444
    }
  },
  "frameWidth": 640,
  "frameHeight": 360,
  "capturedAt": "2026-01-09T15:51:46.964Z",
  "deviceId": "default"
}
