{
  "corners": {
    "topLeft": {
      "x": 0.3810546875,
      "y": 0.5121527777777778
    },
    "topRight": {
      "x": 0.440625,
      "y": 0.16215277777777778
    },
    "bottomLeft": {
      "x": 0.64609375,
      "y": 0.6350694444444445
    },
    "bottomRight": {
      "x": 0.7029296875,
      "y": 0.29965277777777777
    }
  },
  "frameWidth": 640,
  "frameHeight": 360,
  "capturedAt": "2026-01-09T15:42:04.942Z",
  "deviceId": "default"
}
