{
  "corners": {
    "topLeft": {
      "x": 0.7450284090909091,
      "y": 0.7648719879518072
    },
    "topRight": {
      "x": 0.4961647727272727,
      "y": 0.7720256024096386
    },
    "bottomLeft": {
      "x": 0.7477272727272727,
      "y": 0.3102409638554217
    },
    "bottomRight": {
      "x": 0.48607954545454546,
      "y": 0.301769578313253
    }
  },
  "frameWidth": 1760,
  "frameHeight": 1328,
  "capturedAt": "2026-01-09T22:25:46.202Z",
  "deviceId": "default"
}
