{
  "corners": {
    "topLeft": {
      "x": 0.6786931818181818,
      "y": 0.7688253012048193
    },
    "topRight": {
      "x": 0.4069602272727273,
      "y": 0.7720256024096386
    },
    "bottomLeft": {
      "x": 0.6842329545454545,
      "y": 0.2784262048192771
    },
    "bottomRight": {
      "x": 0.40397727272727274,
      "y": 0.2588478915662651
    }
  },
  "frameWidth": 1760,
  "frameHeight": 1328,
  "capturedAt": "2026-01-09T22:25:45.072Z",
  "deviceId": "default"
}
