{
  "corners": {
    "topLeft": {
      "x": 0.724609375,
      "y": 0.2986111111111111
    },
    "topRight": {
      "x": 0.6849609375,
      "y": 0.6503472222222222
    },
    "bottomLeft": {
      "x": 0.4546875,
      "y": 0.1798611111111111
    },
    "bottomRight": {
      "x": 0.401953125,
      "y": 0.5552083333333333
    }
  },
  "frameWidth": 1280,
  "frameHeight": 720,
  "capturedAt": "2026-01-09T16:09:05.735Z",
  "deviceId": "default"
}
