{
  "corners": {
    "topLeft": {
      "x": 0.733096590909091,
      "y": 0.4823042168674699
    },
    "topRight": {
      "x": 0.6225852272727272,
      "y": 0.7202560240963856
    },
    "bottomLeft": {
      "x": 0.49360795454545453,
      "y": 0.26468373493975905
    },
    "bottomRight": {
      "x": 0.36349431818181815,
      "y": 0.5099774096385542
    }
  },
  "frameWidth": 1760,
  "frameHeight": 1328,
  "capturedAt": "2026-01-09T22:24:32.690Z",
  "deviceId": "default"
}
