{
  "corners": {
    "topLeft": {
      "x": 0.7242897727272727,
      "y": 0.7516942771084337
    },
    "topRight": {
      "x": 0.5261363636363636,
      "y": 0.7422816265060241
    },
    "bottomLeft": {
      "x": 0.7376420454545455,
      "y": 0.39194277108433734
    },
    "bottomRight": {
      "x": 0.5340909090909091,
      "y": 0.37085843373493976
    }
  },
  "frameWidth": 1760,
  "frameHeight": 1328,
  "capturedAt": "2026-01-09T22:25:39.520Z",
  "deviceId": "default"
}
