{
  "corners": {
    "topLeft": {
      "x": 0.6638671875,
      "y": 0.29409722222222223
    },
    "topRight": {
      "x": 0.6751953125,
      "y": 0.6680555555555555
    },
    "bottomLeft": {
      "x": 0.376953125,
      "y": 0.3020833333333333
    },
    "bottomRight": {
      "x": 0.3724609375,
      "y": 0.6940972222222223
    }
  },
  "frameWidth": 1280,
  "frameHeight": 720,
  "capturedAt": "2026-01-09T16:09:08.559Z",
  "deviceId": "default"
}
