{
  "corners": {
    "topLeft": {
      "x": 0.5814453125,
      "y": 0.6847222222222222
    },
    "topRight": {
      "x": 0.3982421875,
      "y": 0.6256944444444444
    },
    "bottomLeft": {
      "x": 0.617578125,
      "y": 0.2607638888888889
    },
    "bottomRight": {
      "x": 0.44296875,
      "y": 0.19791666666666666
    }
  },
  "frameWidth": 1280,
  "frameHeight": 720,
  "capturedAt": "2026-01-09T16:00:44.845Z",
  "deviceId": "default"
}
