{
  "corners": {
    "topLeft": {
      "x": 0.40078125,
      "y": 0.1996527777777778
    },
    "topRight": {
      "x": 0.5228515625,
      "y": 0.47430555555555554
    },
    "bottomLeft": {
      "x": 0.1888671875,
      "y": 0.5114583333333333
    },
    "bottomRight": {
      "x": 0.302734375,
      "y": 0.7944444444444444
    }
  },
  "frameWidth": 640,
  "frameHeight": 360,
  "capturedAt": "2026-01-09T15:51:41.717Z",
  "deviceId": "default"
}
