{
  "corners": {
    "topLeft": {
      "x": 0.6160511363636364,
      "y": 0.7432228915662651
    },
    "topRight": {
      "x": 0.3877840909090909,
      "y": 0.6991716867469879
    },
    "bottomLeft": {
      "x": 0.712215909090909,
      "y": 0.33189006024096385
    },
    "bottomRight": {
      "x": 0.46107954545454544,
      "y": 0.23060993975903615
    }
  },
  "frameWidth": 1760,
  "frameHeight": 1328,
  "capturedAt": "2026-01-09T22:25:51.042Z",
  "deviceId": "default"
}
