{
  "corners": {
    "topLeft": {
      "x": 0.6764204545454545,
      "y": 0.2554593373493976
    },
    "topRight": {
      "x": 0.7066761363636364,
      "y": 0.6314006024096386
    },
    "bottomLeft": {
      "x": 0.32329545454545455,
      "y": 0.3253012048192771
    },
    "bottomRight": {
      "x": 0.33053977272727275,
      "y": 0.6694277108433735
    }
  },
  "frameWidth": 1760,
  "frameHeight": 1328,
  "capturedAt": "2026-01-09T18:44:28.886Z",
  "deviceId": "default"
}
