{
  "corners": {
    "topLeft": {
      "x": 0.45234375,
      "y": 0.36875
    },
    "topRight": {
      "x": 0.4671875,
      "y": 0.6881944444444444
    },
    "bottomLeft": {
      "x": 0.2103515625,
      "y": 0.40625
    },
    "bottomRight": {
      "x": 0.21640625,
      "y": 0.7336805555555556
    }
  },
  "frameWidth": 1280,
  "frameHeight": 720,
  "capturedAt": "2026-01-09T16:09:10.035Z",
  "deviceId": "default"
}
