{
  "corners": {
    "topLeft": {
      "x": 0.6298828125,
      "y": 0.23576388888888888
    },
    "topRight": {
      "x": 0.67421875,
      "y": 0.5979166666666667
    },
    "bottomLeft": {
      "x": 0.3751953125,
      "y": 0.3697916666666667
    },
    "bottomRight": {
      "x": 0.4064453125,
      "y": 0.6951388888888889
    }
  },
  "frameWidth": 640,
  "frameHeight": 360,
  "capturedAt": "2026-01-09T15:51:30.082Z",
  "deviceId": "default"
}
