{
  "corners": {
    "topLeft": {
      "x": 0.428515625,
      "y": 0.3795138888888889
    },
    "topRight": {
      "x": 0.4666015625,
      "y": 0.68125
    },
    "bottomLeft": {
      "x": 0.190625,
      "y": 0.46979166666666666
    },
    "bottomRight": {
      "x": 0.2181640625,
      "y": 0.7940972222222222
    }
  },
  "frameWidth": 1280,
  "frameHeight": 720,
  "capturedAt": "2026-01-09T16:09:10.403Z",
  "deviceId": "default"
}
