{
  "corners": {
    "topLeft": {
      "x": 0.77109375,
      "y": 0.37881944444444443
    },
    "topRight": {
      "x": 0.7267578125,
      "y": 0.7524305555555556
    },
    "bottomLeft": {
      "x": 0.4859375,
      "y": 0.25590277777777776
    },
    "bottomRight": {
      "x": 0.4291015625,
      "y": 0.6461805555555555
    }
  },
  "frameWidth": 1280,
  "frameHeight": 720,
  "capturedAt": "2026-01-09T16:01:49.767Z",
  "deviceId": "default"
}
