{
  "corners": {
    "topLeft": {
      "x": 0.640234375,
      "y": 0.21215277777777777
    },
    "topRight": {
      "x": 0.7455078125,
      "y": 0.5350694444444445
    },
    "bottomLeft": {
      "x": 0.3900390625,
      "y": 0.47430555555555554
    },
    "bottomRight": {
      "x": 0.49609375,
      "y": 0.8086805555555555
    }
  },
  "frameWidth": 1280,
  "frameHeight": 720,
  "capturedAt": "2026-01-09T16:01:51.687Z",
  "deviceId": "default"
}
