{
  "corners": {
    "topLeft": {
      "x": 0.71484375,
      "y": 0.3388888888888889
    },
    "topRight": {
      "x": 0.726171875,
      "y": 0.6472222222222223
    },
    "bottomLeft": {
      "x": 0.4787109375,
      "y": 0.3375
    },
    "bottomRight": {
      "x": 0.47421875,
      "y": 0.6607638888888889
    }
  },
  "frameWidth": 1280,
  "frameHeight": 720,
  "capturedAt": "2026-01-09T16:01:48.123Z",
  "deviceId": "default"
}
