{
  "corners": {
    "topLeft": {
      "x": 0.601953125,
      "y": 0.6447916666666667
    },
    "topRight": {
      "x": 0.4384765625,
      "y": 0.6868055555555556
    },
    "bottomLeft": {
      "x": 0.5666015625,
      "y": 0.25277777777777777
    },
    "bottomRight": {
      "x": 0.4044921875,
      "y": 0.29305555555555557
    }
  },
  "frameWidth": 1280,
  "frameHeight": 720,
  "capturedAt": "2026-01-09T16:01:33.377Z",
  "deviceId": "default"
}
