{
  "corners": {
    "topLeft": {
      "x": 0.3974609375,
      "y": 0.65
    },
    "topRight": {
      "x": 0.4572265625,
      "y": 0.271875
    },
    "bottomLeft": {
      "x": 0.687890625,
      "y": 0.7767361111111111
    },
    "bottomRight": {
      "x": 0.74765625,
      "y": 0.4065972222222222
    }
  },
  "frameWidth": 640,
  "frameHeight": 360,
  "capturedAt": "2026-01-09T15:42:58.169Z",
  "deviceId": "default"
}
