{
  "corners": {
    "topLeft": {
      "x": 0.648046875,
      "y": 0.4583333333333333
    },
    "topRight": {
      "x": 0.6392578125,
      "y": 0.7045138888888889
    },
    "bottomLeft": {
      "x": 0.4607421875,
      "y": 0.42604166666666665
    },
    "bottomRight": {
      "x": 0.4421875,
      "y": 0.6795138888888889
    }
  },
  "frameWidth": 1280,
  "frameHeight": 720,
  "capturedAt": "2026-01-09T16:01:58.834Z",
  "deviceId": "default"
}
