{
  "corners": {
    "topLeft": {
      "x": 0.5630859375,
      "y": 0.34479166666666666
    },
    "topRight": {
      "x": 0.5962890625,
      "y": 0.7177083333333333
    },
    "bottomLeft": {
      "x": 0.290234375,
      "y": 0.42465277777777777
    },
    "bottomRight": {
      "x": 0.3078125,
      "y": 0.7954861111111111
    }
  },
  "frameWidth": 1280,
  "frameHeight": 720,
  "capturedAt": "2026-01-09T16:01:52.792Z",
  "deviceId": "default"
}
