{
  "corners": {
    "topLeft": {
      "x": 0.709765625,
      "y": 0.26006944444444446
    },
    "topRight": {
      "x": 0.74453125,
      "y": 0.6392361111111111
    },
    "bottomLeft": {
      "x": 0.4158203125,
      "y": 0.33958333333333335
    },
    "bottomRight": {
      "x": 0.44609375,
      "y": 0.7416666666666667
    }
  },
  "frameWidth": 1280,
  "frameHeight": 720,
  "capturedAt": "2026-01-09T16:01:50.990Z",
  "deviceId": "default"
}
