{
  "corners": {
    "topLeft": {
      "x": 0.8403409090909091,
      "y": 0.5088478915662651
    },
    "topRight": {
      "x": 0.8352272727272727,
      "y": 0.7543298192771084
    },
    "bottomLeft": {
      "x": 0.6120738636363636,
      "y": 0.46442018072289154
    },
    "bottomRight": {
      "x": 0.590625,
      "y": 0.7409638554216867
    }
  },
  "frameWidth": 1760,
  "frameHeight": 1328,
  "capturedAt": "2026-01-09T00:02:16.951Z",
  "deviceId": "default"
}
