{
  "corners": {
    "topLeft": {
      "x": 0.7189453125,
      "y": 0.29444444444444445
    },
    "topRight": {
      "x": 0.6890625,
      "y": 0.6465277777777778
    },
    "bottomLeft": {
      "x": 0.4484375,
      "y": 0.19131944444444443
    },
    "bottomRight": {
      "x": 0.40234375,
      "y": 0.5680555555555555
    }
  },
  "frameWidth": 1280,
  "frameHeight": 720,
  "capturedAt": "2026-01-09T16:09:05.966Z",
  "deviceId": "default"
}
