{
  "corners": {
    "topLeft": {
      "x": 0.39140625,
      "y": 0.8625
    },
    "topRight": {
      "x": 0.350390625,
      "y": 0.43125
    },
    "bottomLeft": {
      "x": 0.72265625,
      "y": 0.7590277777777777
    },
    "bottomRight": {
      "x": 0.684765625,
      "y": 0.31875
    }
  },
  "frameWidth": 640,
  "frameHeight": 360,
  "capturedAt": "2026-01-09T02:39:59.767Z",
  "deviceId": "default"
}
