{
  "corners": {
    "topLeft": {
      "x": 0.377734375,
      "y": 0.6555555555555556
    },
    "topRight": {
      "x": 0.4806640625,
      "y": 0.23506944444444444
    },
    "bottomLeft": {
      "x": 0.7091796875,
      "y": 0.8767361111111112
    },
    "bottomRight": {
      "x": 0.797265625,
      "y": 0.45902777777777776
    }
  },
  "frameWidth": 640,
  "frameHeight": 360,
  "capturedAt": "2026-01-09T15:42:46.964Z",
  "deviceId": "default"
}
