{
  "corners": {
    "topLeft": {
      "x": 0.669140625,
      "y": 0.7746527777777777
    },
    "topRight": {
      "x": 0.473828125,
      "y": 0.7194444444444444
    },
    "bottomLeft": {
      "x": 0.6904296875,
      "y": 0.3076388888888889
    },
    "bottomRight": {
      "x": 0.506640625,
      "y": 0.27291666666666664
    }
  },
  "frameWidth": 640,
  "frameHeight": 360,
  "capturedAt": "2026-01-09T15:51:35.305Z",
  "deviceId": "default"
}
