{
  "corners": {
    "topLeft": {
      "x": 0.7208806818181818,
      "y": 0.3157003012048193
    },
    "topRight": {
      "x": 0.6694602272727272,
      "y": 0.6293298192771084
    },
    "bottomLeft": {
      "x": 0.41960227272727274,
      "y": 0.2596009036144578
    },
    "bottomRight": {
      "x": 0.3717329545454545,
      "y": 0.5397213855421686
    }
  },
  "frameWidth": 1760,
  "frameHeight": 1328,
  "capturedAt": "2026-01-08T23:48:40.391Z",
  "deviceId": "default"
}
