{
  "corners": {
    "topLeft": {
      "x": 0.6998046875,
      "y": 0.28715277777777776
    },
    "topRight": {
      "x": 0.694921875,
      "y": 0.6597222222222222
    },
    "bottomLeft": {
      "x": 0.4115234375,
      "y": 0.2520833333333333
    },
    "bottomRight": {
      "x": 0.3947265625,
      "y": 0.6548611111111111
    }
  },
  "frameWidth": 1280,
  "frameHeight": 720,
  "capturedAt": "2026-01-09T16:09:07.293Z",
  "deviceId": "default"
}
