{
  "corners": {
    "topLeft": {
      "x": 0.560546875,
      "y": 0.1857638888888889
    },
    "topRight": {
      "x": 0.7001953125,
      "y": 0.4579861111111111
    },
    "bottomLeft": {
      "x": 0.3484375,
      "y": 0.5371527777777778
    },
    "bottomRight": {
      "x": 0.4943359375,
      "y": 0.821875
    }
  },
  "frameWidth": 1280,
  "frameHeight": 720,
  "capturedAt": "2026-01-09T16:01:52.095Z",
  "deviceId": "default"
}
