{
  "corners": {
    "topLeft": {
      "x": 0.367578125,
      "y": 0.7447916666666666
    },
    "topRight": {
      "x": 0.3623046875,
      "y": 0.3315972222222222
    },
    "bottomLeft": {
      "x": 0.7080078125,
      "y": 0.7020833333333333
    },
    "bottomRight": {
      "x": 0.680859375,
      "y": 0.2760416666666667
    }
  },
  "frameWidth": 1280,
  "frameHeight": 720,
  "capturedAt": "2026-01-09T15:46:20.050Z",
  "deviceId": "default"
}
