{
  "corners": {
    "topLeft": {
      "x": 0.5829545454545455,
      "y": 0.833019578313253
    },
    "topRight": {
      "x": 0.28678977272727274,
      "y": 0.8320783132530121
    },
    "bottomLeft": {
      "x": 0.5745738636363636,
      "y": 0.286144578313253
    },
    "bottomRight": {
      "x": 0.275,
      "y": 0.2893448795180723
    }
  },
  "frameWidth": 1760,
  "frameHeight": 1328,
  "capturedAt": "2026-01-09T22:25:42.391Z",
  "deviceId": "default"
}
