{
  "corners": {
    "topLeft": {
      "x": 0.715234375,
      "y": 0.3333333333333333
    },
    "topRight": {
      "x": 0.720703125,
      "y": 0.6413194444444444
    },
    "bottomLeft": {
      "x": 0.4802734375,
      "y": 0.31631944444444443
    },
    "bottomRight": {
      "x": 0.468359375,
      "y": 0.6364583333333333
    }
  },
  "frameWidth": 1280,
  "frameHeight": 720,
  "capturedAt": "2026-01-09T16:01:48.423Z",
  "deviceId": "default"
}
