{
  "corners": {
    "topLeft": {
      "x": 0.3802734375,
      "y": 0.7680555555555556
    },
    "topRight": {
      "x": 0.366015625,
      "y": 0.35208333333333336
    },
    "bottomLeft": {
      "x": 0.68671875,
      "y": 0.7131944444444445
    },
    "bottomRight": {
      "x": 0.688671875,
      "y": 0.32256944444444446
    }
  },
  "frameWidth": 640,
  "frameHeight": 360,
  "capturedAt": "2026-01-09T15:42:54.980Z",
  "deviceId": "default"
}
