{
  "corners": {
    "topLeft": {
      "x": 0.6466796875,
      "y": 0.11180555555555556
    },
    "topRight": {
      "x": 0.715625,
      "y": 0.39305555555555555
    },
    "bottomLeft": {
      "x": 0.4181640625,
      "y": 0.23854166666666668
    },
    "bottomRight": {
      "x": 0.47109375,
      "y": 0.5489583333333333
    }
  },
  "frameWidth": 1280,
  "frameHeight": 720,
  "capturedAt": "2026-01-09T16:08:53.837Z",
  "deviceId": "default"
}
