{
  "corners": {
    "topLeft": {
      "x": 0.6560546875,
      "y": 0.22604166666666667
    },
    "topRight": {
      "x": 0.75,
      "y": 0.5649305555555556
    },
    "bottomLeft": {
      "x": 0.394140625,
      "y": 0.46041666666666664
    },
    "bottomRight": {
      "x": 0.48828125,
      "y": 0.8114583333333333
    }
  },
  "frameWidth": 1280,
  "frameHeight": 720,
  "capturedAt": "2026-01-09T16:01:51.485Z",
  "deviceId": "default"
}
