{
  "corners": {
    "topLeft": {
      "x": 0.6502840909090909,
      "y": 0.5289909638554217
    },
    "topRight": {
      "x": 0.6522727272727272,
      "y": 0.8251129518072289
    },
    "bottomLeft": {
      "x": 0.3417613636363636,
      "y": 0.5306852409638554
    },
    "bottomRight": {
      "x": 0.334375,
      "y": 0.8484563253012049
    }
  },
  "frameWidth": 1760,
  "frameHeight": 1328,
  "capturedAt": "2026-01-09T00:02:30.139Z",
  "deviceId": "default"
}
