{
  "corners": {
    "topLeft": {
      "x": 0.7361328125,
      "y": 0.3940972222222222
    },
    "topRight": {
      "x": 0.6875,
      "y": 0.7677083333333333
    },
    "bottomLeft": {
      "x": 0.4435546875,
      "y": 0.2847222222222222
    },
    "bottomRight": {
      "x": 0.3943359375,
      "y": 0.665625
    }
  },
  "frameWidth": 1280,
  "frameHeight": 720,
  "capturedAt": "2026-01-09T15:42:58.294Z",
  "deviceId": "default"
}
