{
  "corners": {
    "topLeft": {
      "x": 0.7572265625,
      "y": 0.3576388888888889
    },
    "topRight": {
      "x": 0.7158203125,
      "y": 0.7447916666666666
    },
    "bottomLeft": {
      "x": 0.4599609375,
      "y": 0.24583333333333332
    },
    "bottomRight": {
      "x": 0.4072265625,
      "y": 0.6482638888888889
    }
  },
  "frameWidth": 1280,
  "frameHeight": 720,
  "capturedAt": "2026-01-09T16:01:50.188Z",
  "deviceId": "default"
}
