{
  "corners": {
    "topLeft": {
      "x": 0.3974609375,
      "y": 0.6767361111111111
    },
    "topRight": {
      "x": 0.3712890625,
      "y": 0.3840277777777778
    },
    "bottomLeft": {
      "x": 0.625390625,
      "y": 0.5881944444444445
    },
    "bottomRight": {
      "x": 0.5892578125,
      "y": 0.29965277777777777
    }
  },
  "frameWidth": 640,
  "frameHeight": 360,
  "capturedAt": "2026-01-09T15:42:12.745Z",
  "deviceId": "default"
}
