{
  "corners": {
    "topLeft": {
      "x": 0.36640625,
      "y": 0.678125
    },
    "topRight": {
      "x": 0.425390625,
      "y": 0.2423611111111111
    },
    "bottomLeft": {
      "x": 0.69375,
      "y": 0.7881944444444444
    },
    "bottomRight": {
      "x": 0.7486328125,
      "y": 0.3753472222222222
    }
  },
  "frameWidth": 640,
  "frameHeight": 360,
  "capturedAt": "2026-01-09T15:42:56.583Z",
  "deviceId": "default"
}
