{
  "corners": {
    "topLeft": {
      "x": 0.665340909090909,
      "y": 0.31419427710843373
    },
    "topRight": {
      "x": 0.6728693181818182,
      "y": 0.7483057228915663
    },
    "bottomLeft": {
      "x": 0.2538352272727273,
      "y": 0.3411144578313253
    },
    "bottomRight": {
      "x": 0.2434659090909091,
      "y": 0.7432228915662651
    }
  },
  "frameWidth": 1760,
  "frameHeight": 1328,
  "capturedAt": "2026-01-09T00:10:45.074Z",
  "deviceId": "default"
}
