{
  "corners": {
    "topLeft": {
      "x": 0.3386363636363636,
      "y": 0.6876882530120482
    },
    "topRight": {
      "x": 0.3458806818181818,
      "y": 0.3068524096385542
    },
    "bottomLeft": {
      "x": 0.7424715909090909,
      "y": 0.6891942771084337
    },
    "bottomRight": {
      "x": 0.7410511363636364,
      "y": 0.2991340361445783
    }
  },
  "frameWidth": 1760,
  "frameHeight": 1328,
  "capturedAt": "2026-01-08T23:54:32.990Z",
  "deviceId": "default"
}
