{
  "corners": {
    "topLeft": {
      "x": 0.7216796875,
      "y": 0.32430555555555557
    },
    "topRight": {
      "x": 0.64609375,
      "y": 0.6847222222222222
    },
    "bottomLeft": {
      "x": 0.45390625,
      "y": 0.20069444444444445
    },
    "bottomRight": {
      "x": 0.39375,
      "y": 0.5211805555555555
    }
  },
  "frameWidth": 640,
  "frameHeight": 360,
  "capturedAt": "2026-01-09T15:51:31.362Z",
  "deviceId": "default"
}
