{
  "corners": {
    "topLeft": {
      "x": 0.7005681818181818,
      "y": 0.31438253012048195
    },
    "topRight": {
      "x": 0.7164772727272727,
      "y": 0.6494728915662651
    },
    "bottomLeft": {
      "x": 0.3606534090909091,
      "y": 0.3309487951807229
    },
    "bottomRight": {
      "x": 0.35454545454545455,
      "y": 0.670933734939759
    }
  },
  "frameWidth": 1760,
  "frameHeight": 1328,
  "capturedAt": "2026-01-08T23:48:40.189Z",
  "deviceId": "default"
}
