{
  "corners": {
    "topLeft": {
      "x": 0.40078125,
      "y": 0.609375
    },
    "topRight": {
      "x": 0.5216796875,
      "y": 0.18611111111111112
    },
    "bottomLeft": {
      "x": 0.750390625,
      "y": 0.8861111111111111
    },
    "bottomRight": {
      "x": 0.8515625,
      "y": 0.4440972222222222
    }
  },
  "frameWidth": 640,
  "frameHeight": 360,
  "capturedAt": "2026-01-09T15:42:45.365Z",
  "deviceId": "default"
}
