{
  "corners": {
    "topLeft": {
      "x": 0.35113636363636364,
      "y": 0.6150225903614458
    },
    "topRight": {
      "x": 0.37642045454545453,
      "y": 0.2788027108433735
    },
    "bottomLeft": {
      "x": 0.7169034090909091,
      "y": 0.6585090361445783
    },
    "bottomRight": {
      "x": 0.7394886363636364,
      "y": 0.29536897590361444
    }
  },
  "frameWidth": 1760,
  "frameHeight": 1328,
  "capturedAt": "2026-01-08T23:54:36.996Z",
  "deviceId": "default"
}
