{
  "corners": {
    "topLeft": {
      "x": 0.7224431818181818,
      "y": 0.7876506024096386
    },
    "topRight": {
      "x": 0.4622159090909091,
      "y": 0.8096762048192772
    },
    "bottomLeft": {
      "x": 0.7211647727272728,
      "y": 0.31080572289156627
    },
    "bottomRight": {
      "x": 0.4421875,
      "y": 0.30591114457831325
    }
  },
  "frameWidth": 1760,
  "frameHeight": 1328,
  "capturedAt": "2026-01-09T22:25:45.727Z",
  "deviceId": "default"
}
