{
  "corners": {
    "topLeft": {
      "x": 0.7416015625,
      "y": 0.17708333333333334
    },
    "topRight": {
      "x": 0.7759765625,
      "y": 0.47118055555555555
    },
    "bottomLeft": {
      "x": 0.507421875,
      "y": 0.20243055555555556
    },
    "bottomRight": {
      "x": 0.518359375,
      "y": 0.5152777777777777
    }
  },
  "frameWidth": 1280,
  "frameHeight": 720,
  "capturedAt": "2026-01-09T16:08:54.932Z",
  "deviceId": "default"
}
