{
  "corners": {
    "topLeft": {
      "x": 0.5197265625,
      "y": 0.8510416666666667
    },
    "topRight": {
      "x": 0.2892578125,
      "y": 0.8857638888888889
    },
    "bottomLeft": {
      "x": 0.4865234375,
      "y": 0.27361111111111114
    },
    "bottomRight": {
      "x": 0.2466796875,
      "y": 0.3104166666666667
    }
  },
  "frameWidth": 1280,
  "frameHeight": 720,
  "capturedAt": "2026-01-09T15:57:35.003Z",
  "deviceId": "default"
}
