{
  "corners": {
    "topLeft": {
      "x": 0.6580078125,
      "y": 0.4125
    },
    "topRight": {
      "x": 0.670703125,
      "y": 0.6590277777777778
    },
    "bottomLeft": {
      "x": 0.469140625,
      "y": 0.43645833333333334
    },
    "bottomRight": {
      "x": 0.4751953125,
      "y": 0.6892361111111112
    }
  },
  "frameWidth": 1280,
  "frameHeight": 720,
  "capturedAt": "2026-01-09T16:01:57.299Z",
  "deviceId": "default"
}
