{
  "corners": {
    "topLeft": {
      "x": 0.38835227272727274,
      "y": 0.7616716867469879
    },
    "topRight": {
      "x": 0.3296875,
      "y": 0.46442018072289154
    },
    "bottomLeft": {
      "x": 0.6588068181818182,
      "y": 0.6404367469879518
    },
    "bottomRight": {
      "x": 0.6034090909090909,
      "y": 0.37895331325301207
    }
  },
  "frameWidth": 1760,
  "frameHeight": 1328,
  "capturedAt": "2026-01-09T00:11:07.119Z",
  "deviceId": "default"
}
