{
  "corners": {
    "topLeft": {
      "x": 0.334765625,
      "y": 0.6225694444444444
    },
    "topRight": {
      "x": 0.378125,
      "y": 0.22743055555555555
    },
    "bottomLeft": {
      "x": 0.633984375,
      "y": 0.790625
    },
    "bottomRight": {
      "x": 0.716796875,
      "y": 0.3642361111111111
    }
  },
  "frameWidth": 1280,
  "frameHeight": 720,
  "capturedAt": "2026-01-09T15:46:26.248Z",
  "deviceId": "default"
}
