{
  "corners": {
    "topLeft": {
      "x": 0.7419034090909091,
      "y": 0.3386671686746988
    },
    "topRight": {
      "x": 0.7066761363636364,
      "y": 0.6618975903614458
    },
    "bottomLeft": {
      "x": 0.4069602272727273,
      "y": 0.25395331325301207
    },
    "bottomRight": {
      "x": 0.3553977272727273,
      "y": 0.6025978915662651
    }
  },
  "frameWidth": 1760,
  "frameHeight": 1328,
  "capturedAt": "2026-01-08T23:48:39.454Z",
  "deviceId": "default"
}
