{
  "corners": {
    "topLeft": {
      "x": 0.7497159090909091,
      "y": 0.8518448795180723
    },
    "topRight": {
      "x": 0.42215909090909093,
      "y": 0.859375
    },
    "bottomLeft": {
      "x": 0.7321022727272727,
      "y": 0.2648719879518072
    },
    "bottomRight": {
      "x": 0.40795454545454546,
      "y": 0.26393072289156627
    }
  },
  "frameWidth": 1760,
  "frameHeight": 1328,
  "capturedAt": "2026-01-09T00:10:56.942Z",
  "deviceId": "default"
}
