{
  "corners": {
    "topLeft": {
      "x": 0.794921875,
      "y": 0.4600694444444444
    },
    "topRight": {
      "x": 0.7068359375,
      "y": 0.8743055555555556
    },
    "bottomLeft": {
      "x": 0.48125,
      "y": 0.23402777777777778
    },
    "bottomRight": {
      "x": 0.377734375,
      "y": 0.6510416666666666
    }
  },
  "frameWidth": 1280,
  "frameHeight": 720,
  "capturedAt": "2026-01-09T15:42:47.457Z",
  "deviceId": "default"
}
