{
  "corners": {
    "topLeft": {
      "x": 0.425,
      "y": 0.38506944444444446
    },
    "topRight": {
      "x": 0.419140625,
      "y": 0.7277777777777777
    },
    "bottomLeft": {
      "x": 0.137890625,
      "y": 0.37083333333333335
    },
    "bottomRight": {
      "x": 0.1275390625,
      "y": 0.7447916666666666
    }
  },
  "frameWidth": 640,
  "frameHeight": 360,
  "capturedAt": "2026-01-09T15:51:58.913Z",
  "deviceId": "default"
}
