{
  "corners": {
    "topLeft": {
      "x": 0.685546875,
      "y": 0.8232638888888889
    },
    "topRight": {
      "x": 0.430859375,
      "y": 0.7885416666666667
    },
    "bottomLeft": {
      "x": 0.682421875,
      "y": 0.209375
    },
    "bottomRight": {
      "x": 0.443359375,
      "y": 0.21041666666666667
    }
  },
  "frameWidth": 640,
  "frameHeight": 360,
  "capturedAt": "2026-01-09T15:51:36.826Z",
  "deviceId": "default"
}
