{
  "corners": {
    "topLeft": {
      "x": 0.6533203125,
      "y": 0.7513888888888889
    },
    "topRight": {
      "x": 0.4625,
      "y": 0.7229166666666667
    },
    "bottomLeft": {
      "x": 0.6537109375,
      "y": 0.2923611111111111
    },
    "bottomRight": {
      "x": 0.4736328125,
      "y": 0.2875
    }
  },
  "frameWidth": 640,
  "frameHeight": 360,
  "capturedAt": "2026-01-09T15:51:33.450Z",
  "deviceId": "default"
}
