{
  "corners": {
    "topLeft": {
      "x": 0.69140625,
      "y": 0.31180555555555556
    },
    "topRight": {
      "x": 0.6703125,
      "y": 0.6795138888888889
    },
    "bottomLeft": {
      "x": 0.40546875,
      "y": 0.2548611111111111
    },
    "bottomRight": {
      "x": 0.3779296875,
      "y": 0.6434027777777778
    }
  },
  "frameWidth": 1280,
  "frameHeight": 720,
  "capturedAt": "2026-01-09T16:09:07.765Z",
  "deviceId": "default"
}
