{
  "corners": {
    "topLeft": {
      "x": 0.7349431818181819,
      "y": 0.4563253012048193
    },
    "topRight": {
      "x": 0.6100852272727273,
      "y": 0.8010165662650602
    },
    "bottomLeft": {
      "x": 0.3744318181818182,
      "y": 0.22778614457831325
    },
    "bottomRight": {
      "x": 0.2409090909090909,
      "y": 0.5833960843373494
    }
  },
  "frameWidth": 1760,
  "frameHeight": 1328,
  "capturedAt": "2026-01-09T18:44:23.542Z",
  "deviceId": "default"
}
