{
  "corners": {
    "topLeft": {
      "x": 0.64453125,
      "y": 0.26805555555555555
    },
    "topRight": {
      "x": 0.6767578125,
      "y": 0.6451388888888889
    },
    "bottomLeft": {
      "x": 0.3787109375,
      "y": 0.3746527777777778
    },
    "bottomRight": {
      "x": 0.4017578125,
      "y": 0.7111111111111111
    }
  },
  "frameWidth": 640,
  "frameHeight": 360,
  "capturedAt": "2026-01-09T15:51:29.558Z",
  "deviceId": "default"
}
