{
  "corners": {
    "topLeft": {
      "x": 0.587890625,
      "y": 0.653125
    },
    "topRight": {
      "x": 0.421875,
      "y": 0.6388888888888888
    },
    "bottomLeft": {
      "x": 0.594921875,
      "y": 0.265625
    },
    "bottomRight": {
      "x": 0.4326171875,
      "y": 0.2378472222222222
    }
  },
  "frameWidth": 1280,
  "frameHeight": 720,
  "capturedAt": "2026-01-09T16:00:53.239Z",
  "deviceId": "default"
}
