{
  "corners": {
    "topLeft": {
      "x": 0.5596590909090909,
      "y": 0.4768448795180723
    },
    "topRight": {
      "x": 0.5664772727272728,
      "y": 0.7428463855421686
    },
    "bottomLeft": {
      "x": 0.2917613636363636,
      "y": 0.48738704819277107
    },
    "bottomRight": {
      "x": 0.2877840909090909,
      "y": 0.7569653614457831
    }
  },
  "frameWidth": 1760,
  "frameHeight": 1328,
  "capturedAt": "2026-01-09T00:02:08.935Z",
  "deviceId": "default"
}
