{
  "corners": {
    "topLeft": {
      "x": 0.715234375,
      "y": 0.28680555555555554
    },
    "topRight": {
      "x": 0.6962890625,
      "y": 0.6493055555555556
    },
    "bottomLeft": {
      "x": 0.4369140625,
      "y": 0.21388888888888888
    },
    "bottomRight": {
      "x": 0.4029296875,
      "y": 0.6006944444444444
    }
  },
  "frameWidth": 1280,
  "frameHeight": 720,
  "capturedAt": "2026-01-09T16:09:06.488Z",
  "deviceId": "default"
}
