{
  "corners": {
    "topLeft": {
      "x": 0.6875,
      "y": 0.3465737951807229
    },
    "topRight": {
      "x": 0.646875,
      "y": 0.6502259036144579
    },
    "bottomLeft": {
      "x": 0.3757102272727273,
      "y": 0.26957831325301207
    },
    "bottomRight": {
      "x": 0.32329545454545455,
      "y": 0.5785015060240963
    }
  },
  "frameWidth": 1760,
  "frameHeight": 1328,
  "capturedAt": "2026-01-08T23:48:40.593Z",
  "deviceId": "default"
}
