{
  "corners": {
    "topLeft": {
      "x": 0.7404829545454545,
      "y": 0.33753765060240964
    },
    "topRight": {
      "x": 0.7065340909090909,
      "y": 0.6615210843373494
    },
    "bottomLeft": {
      "x": 0.4046875,
      "y": 0.2556475903614458
    },
    "bottomRight": {
      "x": 0.3546875,
      "y": 0.6048569277108434
    }
  },
  "frameWidth": 1760,
  "frameHeight": 1328,
  "capturedAt": "2026-01-08T23:48:39.785Z",
  "deviceId": "default"
}
