{
  "corners": {
    "topLeft": {
      "x": 0.725,
      "y": 0.2777777777777778
    },
    "topRight": {
      "x": 0.696484375,
      "y": 0.6309027777777778
    },
    "bottomLeft": {
      "x": 0.45546875,
      "y": 0.16979166666666667
    },
    "bottomRight": {
      "x": 0.408984375,
      "y": 0.5510416666666667
    }
  },
  "frameWidth": 1280,
  "frameHeight": 720,
  "capturedAt": "2026-01-09T16:09:05.521Z",
  "deviceId": "default"
}
