{
  "corners": {
    "topLeft": {
      "x": 0.5788352272727273,
      "y": 0.41999246987951805
    },
    "topRight": {
      "x": 0.5967329545454545,
      "y": 0.6863704819277109
    },
    "bottomLeft": {
      "x": 0.3157670454545455,
      "y": 0.45331325301204817
    },
    "bottomRight": {
      "x": 0.3230113636363636,
      "y": 0.7161144578313253
    }
  },
  "frameWidth": 1760,
  "frameHeight": 1328,
  "capturedAt": "2026-01-09T00:02:03.462Z",
  "deviceId": "default"
}
