{
  "corners": {
    "topLeft": {
      "x": 0.43650568181818183,
      "y": 0.6185993975903614
    },
    "topRight": {
      "x": 0.47670454545454544,
      "y": 0.35542168674698793
    },
    "bottomLeft": {
      "x": 0.7028409090909091,
      "y": 0.6905120481927711
    },
    "bottomRight": {
      "x": 0.7558238636363637,
      "y": 0.4273343373493976
    }
  },
  "frameWidth": 1760,
  "frameHeight": 1328,
  "capturedAt": "2026-01-08T23:42:10.279Z",
  "deviceId": "default"
}
