{
  "corners": {
    "topLeft": {
      "x": 0.678409090909091,
      "y": 0.7661897590361446
    },
    "topRight": {
      "x": 0.4153409090909091,
      "y": 0.7746611445783133
    },
    "bottomLeft": {
      "x": 0.6811079545454546,
      "y": 0.2916039156626506
    },
    "bottomRight": {
      "x": 0.40923295454545455,
      "y": 0.2731551204819277
    }
  },
  "frameWidth": 1760,
  "frameHeight": 1328,
  "capturedAt": "2026-01-09T22:25:45.215Z",
  "deviceId": "default"
}
