{
  "corners": {
    "topLeft": {
      "x": 0.32855113636363636,
      "y": 0.6585090361445783
    },
    "topRight": {
      "x": 0.35298295454545453,
      "y": 0.2884036144578313
    },
    "bottomLeft": {
      "x": 0.7144886363636364,
      "y": 0.6869352409638554
    },
    "bottomRight": {
      "x": 0.7286931818181818,
      "y": 0.3217243975903614
    }
  },
  "frameWidth": 1760,
  "frameHeight": 1328,
  "capturedAt": "2026-01-08T23:54:38.607Z",
  "deviceId": "default"
}
