{
  "corners": {
    "topLeft": {
      "x": 0.6513671875,
      "y": 0.2795138888888889
    },
    "topRight": {
      "x": 0.6744140625,
      "y": 0.6524305555555555
    },
    "bottomLeft": {
      "x": 0.3734375,
      "y": 0.34930555555555554
    },
    "bottomRight": {
      "x": 0.391015625,
      "y": 0.7041666666666667
    }
  },
  "frameWidth": 640,
  "frameHeight": 360,
  "capturedAt": "2026-01-09T15:51:24.958Z",
  "deviceId": "default"
}
