{
  "corners": {
    "topLeft": {
      "x": 0.44765625,
      "y": 0.6881944444444444
    },
    "topRight": {
      "x": 0.44296875,
      "y": 0.3
    },
    "bottomLeft": {
      "x": 0.749609375,
      "y": 0.6833333333333333
    },
    "bottomRight": {
      "x": 0.75546875,
      "y": 0.2763888888888889
    }
  },
  "frameWidth": 640,
  "frameHeight": 360,
  "capturedAt": "2026-01-09T02:39:53.539Z",
  "deviceId": "default"
}
