{
  "corners": {
    "topLeft": {
      "x": 0.3203125,
      "y": 0.56875
    },
    "topRight": {
      "x": 0.3421875,
      "y": 0.19583333333333333
    },
    "bottomLeft": {
      "x": 0.6046875,
      "y": 0.5861111111111111
    },
    "bottomRight": {
      "x": 0.612109375,
      "y": 0.24305555555555555
    }
  },
  "frameWidth": 640,
  "frameHeight": 360,
  "capturedAt": "2026-01-09T15:42:08.840Z",
  "deviceId": "default"
}
