{
  "corners": {
    "topLeft": {
      "x": 0.7198863636363636,
      "y": 0.30948795180722893
    },
    "topRight": {
      "x": 0.670596590909091,
      "y": 0.624058734939759
    },
    "bottomLeft": {
      "x": 0.421875,
      "y": 0.26148343373493976
    },
    "bottomRight": {
      "x": 0.3771306818181818,
      "y": 0.5384036144578314
    }
  },
  "frameWidth": 1760,
  "frameHeight": 1328,
  "capturedAt": "2026-01-08T23:48:40.323Z",
  "deviceId": "default"
}
