{
  "corners": {
    "topLeft": {
      "x": 0.5466796875,
      "y": 0.8670138888888889
    },
    "topRight": {
      "x": 0.312890625,
      "y": 0.8767361111111112
    },
    "bottomLeft": {
      "x": 0.5447265625,
      "y": 0.3104166666666667
    },
    "bottomRight": {
      "x": 0.3091796875,
      "y": 0.2965277777777778
    }
  },
  "frameWidth": 1280,
  "frameHeight": 720,
  "capturedAt": "2026-01-09T15:57:22.211Z",
  "deviceId": "default"
}
