{
  "corners": {
    "topLeft": {
      "x": 0.604296875,
      "y": 0.6392361111111111
    },
    "topRight": {
      "x": 0.4400390625,
      "y": 0.6920138888888889
    },
    "bottomLeft": {
      "x": 0.5607421875,
      "y": 0.24756944444444445
    },
    "bottomRight": {
      "x": 0.3986328125,
      "y": 0.2982638888888889
    }
  },
  "frameWidth": 1280,
  "frameHeight": 720,
  "capturedAt": "2026-01-09T16:01:33.642Z",
  "deviceId": "default"
}
