{
  "corners": {
    "topLeft": {
      "x": 0.7337890625,
      "y": 0.41875
    },
    "topRight": {
      "x": 0.6482421875,
      "y": 0.7954861111111111
    },
    "bottomLeft": {
      "x": 0.4375,
      "y": 0.22083333333333333
    },
    "bottomRight": {
      "x": 0.355859375,
      "y": 0.6159722222222223
    }
  },
  "frameWidth": 640,
  "frameHeight": 360,
  "capturedAt": "2026-01-09T15:46:23.902Z",
  "deviceId": "default"
}
