{
  "corners": {
    "topLeft": {
      "x": 0.6986328125,
      "y": 0.8052083333333333
    },
    "topRight": {
      "x": 0.437109375,
      "y": 0.8326388888888889
    },
    "bottomLeft": {
      "x": 0.643359375,
      "y": 0.190625
    },
    "bottomRight": {
      "x": 0.4080078125,
      "y": 0.25277777777777777
    }
  },
  "frameWidth": 640,
  "frameHeight": 360,
  "capturedAt": "2026-01-09T15:51:37.719Z",
  "deviceId": "default"
}
