{
  "corners": {
    "topLeft": {
      "x": 0.7946022727272727,
      "y": 0.26731927710843373
    },
    "topRight": {
      "x": 0.8626420454545455,
      "y": 0.6824171686746988
    },
    "bottomLeft": {
      "x": 0.3742897727272727,
      "y": 0.3729292168674699
    },
    "bottomRight": {
      "x": 0.41960227272727274,
      "y": 0.7955572289156626
    }
  },
  "frameWidth": 1760,
  "frameHeight": 1328,
  "capturedAt": "2026-01-09T00:10:52.599Z",
  "deviceId": "default"
}
