{
  "corners": {
    "topLeft": {
      "x": 0.46484375,
      "y": 0.25
    },
    "topRight": {
      "x": 0.6201171875,
      "y": 0.34131944444444445
    },
    "bottomLeft": {
      "x": 0.4263671875,
      "y": 0.7309027777777778
    },
    "bottomRight": {
      "x": 0.5865234375,
      "y": 0.7506944444444444
    }
  },
  "frameWidth": 640,
  "frameHeight": 360,
  "capturedAt": "2026-01-09T15:51:48.534Z",
  "deviceId": "default"
}
