{
  "corners": {
    "topLeft": {
      "x": 0.7870738636363637,
      "y": 0.2789909638554217
    },
    "topRight": {
      "x": 0.7977272727272727,
      "y": 0.599585843373494
    },
    "bottomLeft": {
      "x": 0.4576704545454545,
      "y": 0.25978915662650603
    },
    "bottomRight": {
      "x": 0.4421875,
      "y": 0.5988328313253012
    }
  },
  "frameWidth": 1760,
  "frameHeight": 1328,
  "capturedAt": "2026-01-09T00:11:28.887Z",
  "deviceId": "default"
}
