{
  "corners": {
    "topLeft": {
      "x": 0.35397727272727275,
      "y": 0.5922439759036144
    },
    "topRight": {
      "x": 0.3548295454545455,
      "y": 0.2447289156626506
    },
    "bottomLeft": {
      "x": 0.7147727272727272,
      "y": 0.5973268072289156
    },
    "bottomRight": {
      "x": 0.7254261363636364,
      "y": 0.23512801204819278
    }
  },
  "frameWidth": 1760,
  "frameHeight": 1328,
  "capturedAt": "2026-01-08T23:54:25.430Z",
  "deviceId": "default"
}
