{
  "corners": {
    "topLeft": {
      "x": 0.7339488636363637,
      "y": 0.7253388554216867
    },
    "topRight": {
      "x": 0.45326704545454544,
      "y": 0.7669427710843374
    },
    "bottomLeft": {
      "x": 0.6816761363636363,
      "y": 0.22816265060240964
    },
    "bottomRight": {
      "x": 0.40525568181818183,
      "y": 0.2631777108433735
    }
  },
  "frameWidth": 1760,
  "frameHeight": 1328,
  "capturedAt": "2026-01-09T00:10:58.547Z",
  "deviceId": "default"
}
