{
  "corners": {
    "topLeft": {
      "x": 0.7859375,
      "y": 0.37594126506024095
    },
    "topRight": {
      "x": 0.7873579545454545,
      "y": 0.7341867469879518
    },
    "bottomLeft": {
      "x": 0.4225852272727273,
      "y": 0.33207831325301207
    },
    "bottomRight": {
      "x": 0.3951704545454545,
      "y": 0.733433734939759
    }
  },
  "frameWidth": 1760,
  "frameHeight": 1328,
  "capturedAt": "2026-01-09T00:11:19.155Z",
  "deviceId": "default"
}
