{
  "corners": {
    "topLeft": {
      "x": 0.6779296875,
      "y": 0.759375
    },
    "topRight": {
      "x": 0.450390625,
      "y": 0.7107638888888889
    },
    "bottomLeft": {
      "x": 0.689453125,
      "y": 0.21631944444444445
    },
    "bottomRight": {
      "x": 0.4767578125,
      "y": 0.19652777777777777
    }
  },
  "frameWidth": 640,
  "frameHeight": 360,
  "capturedAt": "2026-01-09T15:51:36.195Z",
  "deviceId": "default"
}
