{
  "corners": {
    "topLeft": {
      "x": 0.7089488636363637,
      "y": 0.3337725903614458
    },
    "topRight": {
      "x": 0.7323863636363637,
      "y": 0.6285768072289156
    },
    "bottomLeft": {
      "x": 0.40071022727272726,
      "y": 0.3704819277108434
    },
    "bottomRight": {
      "x": 0.4190340909090909,
      "y": 0.6888177710843374
    }
  },
  "frameWidth": 1760,
  "frameHeight": 1328,
  "capturedAt": "2026-01-09T22:25:02.211Z",
  "deviceId": "default"
}
