{
  "corners": {
    "topLeft": {
      "x": 0.7214488636363636,
      "y": 0.38083584337349397
    },
    "topRight": {
      "x": 0.6796875,
      "y": 0.7692018072289156
    },
    "bottomLeft": {
      "x": 0.3223011363636364,
      "y": 0.30026355421686746
    },
    "bottomRight": {
      "x": 0.2669034090909091,
      "y": 0.6976656626506024
    }
  },
  "frameWidth": 1760,
  "frameHeight": 1328,
  "capturedAt": "2026-01-09T18:44:25.044Z",
  "deviceId": "default"
}
