{
  "corners": {
    "topLeft": {
      "x": 0.733096590909091,
      "y": 0.4009789156626506
    },
    "topRight": {
      "x": 0.6907670454545455,
      "y": 0.6952183734939759
    },
    "bottomLeft": {
      "x": 0.43508522727272725,
      "y": 0.32925451807228917
    },
    "bottomRight": {
      "x": 0.38451704545454546,
      "y": 0.6159638554216867
    }
  },
  "frameWidth": 1760,
  "frameHeight": 1328,
  "capturedAt": "2026-01-09T00:11:35.579Z",
  "deviceId": "default"
}
