{
  "corners": {
    "topLeft": {
      "x": 0.760546875,
      "y": 0.40069444444444446
    },
    "topRight": {
      "x": 0.72734375,
      "y": 0.8423611111111111
    },
    "bottomLeft": {
      "x": 0.4283203125,
      "y": 0.2965277777777778
    },
    "bottomRight": {
      "x": 0.373828125,
      "y": 0.7472222222222222
    }
  },
  "frameWidth": 1280,
  "frameHeight": 720,
  "capturedAt": "2026-01-09T15:42:48.993Z",
  "deviceId": "default"
}
