{
  "corners": {
    "topLeft": {
      "x": 0.7188920454545454,
      "y": 0.37481174698795183
    },
    "topRight": {
      "x": 0.6849431818181818,
      "y": 0.7650602409638554
    },
    "bottomLeft": {
      "x": 0.3181818181818182,
      "y": 0.30911144578313254
    },
    "bottomRight": {
      "x": 0.27102272727272725,
      "y": 0.7063253012048193
    }
  },
  "frameWidth": 1760,
  "frameHeight": 1328,
  "capturedAt": "2026-01-09T18:44:25.372Z",
  "deviceId": "default"
}
