{
  "corners": {
    "topLeft": {
      "x": 0.6244140625,
      "y": 0.7107638888888889
    },
    "topRight": {
      "x": 0.434765625,
      "y": 0.7694444444444445
    },
    "bottomLeft": {
      "x": 0.568359375,
      "y": 0.2534722222222222
    },
    "bottomRight": {
      "x": 0.382421875,
      "y": 0.3215277777777778
    }
  },
  "frameWidth": 640,
  "frameHeight": 360,
  "capturedAt": "2026-01-09T15:51:32.557Z",
  "deviceId": "default"
}
