{
  "corners": {
    "topLeft": {
      "x": 0.1396484375,
      "y": 0.22951388888888888
    },
    "topRight": {
      "x": 0.36484375,
      "y": 0.2701388888888889
    },
    "bottomLeft": {
      "x": 0.1328125,
      "y": 0.7690972222222222
    },
    "bottomRight": {
      "x": 0.3560546875,
      "y": 0.7604166666666666
    }
  },
  "frameWidth": 640,
  "frameHeight": 360,
  "capturedAt": "2026-01-09T15:51:45.226Z",
  "deviceId": "default"
}
