{
  "corners": {
    "topLeft": {
      "x": 0.7119318181818182,
      "y": 0.5331325301204819
    },
    "topRight": {
      "x": 0.7089488636363637,
      "y": 0.8411144578313253
    },
    "bottomLeft": {
      "x": 0.3890625,
      "y": 0.5308734939759037
    },
    "bottomRight": {
      "x": 0.37982954545454545,
      "y": 0.8578689759036144
    }
  },
  "frameWidth": 1760,
  "frameHeight": 1328,
  "capturedAt": "2026-01-09T00:02:28.407Z",
  "deviceId": "default"
}
