{
  "corners": {
    "topLeft": {
      "x": 0.3484375,
      "y": 0.8118055555555556
    },
    "topRight": {
      "x": 0.35234375,
      "y": 0.37430555555555556
    },
    "bottomLeft": {
      "x": 0.681640625,
      "y": 0.8145833333333333
    },
    "bottomRight": {
      "x": 0.690625,
      "y": 0.37569444444444444
    }
  },
  "frameWidth": 640,
  "frameHeight": 360,
  "capturedAt": "2026-01-09T02:39:57.806Z",
  "deviceId": "default"
}
