{
  "corners": {
    "topLeft": {
      "x": 0.690234375,
      "y": 0.23680555555555555
    },
    "topRight": {
      "x": 0.6822265625,
      "y": 0.6979166666666666
    },
    "bottomLeft": {
      "x": 0.3408203125,
      "y": 0.25277777777777777
    },
    "bottomRight": {
      "x": 0.340625,
      "y": 0.6902777777777778
    }
  },
  "frameWidth": 640,
  "frameHeight": 360,
  "capturedAt": "2026-01-09T15:51:21.793Z",
  "deviceId": "default"
}
