{
  "corners": {
    "topLeft": {
      "x": 0.424609375,
      "y": 0.584375
    },
    "topRight": {
      "x": 0.5140625,
      "y": 0.28229166666666666
    },
    "bottomLeft": {
      "x": 0.661328125,
      "y": 0.7819444444444444
    },
    "bottomRight": {
      "x": 0.7439453125,
      "y": 0.48368055555555556
    }
  },
  "frameWidth": 640,
  "frameHeight": 360,
  "capturedAt": "2026-01-09T15:41:59.598Z",
  "deviceId": "default"
}
