{
  "corners": {
    "topLeft": {
      "x": 0.4257102272727273,
      "y": 0.6662274096385542
    },
    "topRight": {
      "x": 0.4335227272727273,
      "y": 0.3676581325301205
    },
    "bottomLeft": {
      "x": 0.7438920454545455,
      "y": 0.7195030120481928
    },
    "bottomRight": {
      "x": 0.7870738636363637,
      "y": 0.3902484939759036
    }
  },
  "frameWidth": 1760,
  "frameHeight": 1328,
  "capturedAt": "2026-01-09T22:25:55.766Z",
  "deviceId": "default"
}
