{
  "corners": {
    "topLeft": {
      "x": 0.7363636363636363,
      "y": 0.33942018072289154
    },
    "topRight": {
      "x": 0.7032670454545454,
      "y": 0.6639683734939759
    },
    "bottomLeft": {
      "x": 0.4,
      "y": 0.2596009036144578
    },
    "bottomRight": {
      "x": 0.3508522727272727,
      "y": 0.6089984939759037
    }
  },
  "frameWidth": 1760,
  "frameHeight": 1328,
  "capturedAt": "2026-01-08T23:48:39.890Z",
  "deviceId": "default"
}
