{
  "corners": {
    "topLeft": {
      "x": 0.6855113636363637,
      "y": 0.35033885542168675
    },
    "topRight": {
      "x": 0.6440340909090909,
      "y": 0.6522966867469879
    },
    "bottomLeft": {
      "x": 0.37528409090909093,
      "y": 0.26939006024096385
    },
    "bottomRight": {
      "x": 0.32017045454545456,
      "y": 0.577183734939759
    }
  },
  "frameWidth": 1760,
  "frameHeight": 1328,
  "capturedAt": "2026-01-08T23:48:40.664Z",
  "deviceId": "default"
}
