{
  "corners": {
    "topLeft": {
      "x": 0.7178977272727273,
      "y": 0.34073795180722893
    },
    "topRight": {
      "x": 0.7309659090909091,
      "y": 0.6526731927710844
    },
    "bottomLeft": {
      "x": 0.4022727272727273,
      "y": 0.36276355421686746
    },
    "bottomRight": {
      "x": 0.40269886363636365,
      "y": 0.6724397590361446
    }
  },
  "frameWidth": 1760,
  "frameHeight": 1328,
  "capturedAt": "2026-01-09T00:10:39.180Z",
  "deviceId": "default"
}
