{
  "corners": {
    "topLeft": {
      "x": 0.5879261363636363,
      "y": 0.4559487951807229
    },
    "topRight": {
      "x": 0.5813920454545455,
      "y": 0.7437876506024096
    },
    "bottomLeft": {
      "x": 0.29857954545454546,
      "y": 0.4450301204819277
    },
    "bottomRight": {
      "x": 0.2832386363636364,
      "y": 0.7313629518072289
    }
  },
  "frameWidth": 1760,
  "frameHeight": 1328,
  "capturedAt": "2026-01-09T00:02:06.537Z",
  "deviceId": "default"
}
