{
  "corners": {
    "topLeft": {
      "x": 0.6490056818181819,
      "y": 0.36916415662650603
    },
    "topRight": {
      "x": 0.6353693181818182,
      "y": 0.6088102409638554
    },
    "bottomLeft": {
      "x": 0.39758522727272727,
      "y": 0.3497740963855422
    },
    "bottomRight": {
      "x": 0.384375,
      "y": 0.5948795180722891
    }
  },
  "frameWidth": 1760,
  "frameHeight": 1328,
  "capturedAt": "2026-01-09T22:24:50.817Z",
  "deviceId": "default"
}
