{
  "corners": {
    "topLeft": {
      "x": 0.6234375,
      "y": 0.8482638888888889
    },
    "topRight": {
      "x": 0.423046875,
      "y": 0.7322916666666667
    },
    "bottomLeft": {
      "x": 0.72421875,
      "y": 0.36319444444444443
    },
    "bottomRight": {
      "x": 0.519140625,
      "y": 0.215625
    }
  },
  "frameWidth": 1280,
  "frameHeight": 720,
  "capturedAt": "2026-01-09T16:01:44.561Z",
  "deviceId": "default"
}
