{
  "corners": {
    "topLeft": {
      "x": 0.63203125,
      "y": 0.40347222222222223
    },
    "topRight": {
      "x": 0.6435546875,
      "y": 0.6322916666666667
    },
    "bottomLeft": {
      "x": 0.45703125,
      "y": 0.4270833333333333
    },
    "bottomRight": {
      "x": 0.462890625,
      "y": 0.6621527777777778
    }
  },
  "frameWidth": 1280,
  "frameHeight": 720,
  "capturedAt": "2026-01-09T16:01:56.330Z",
  "deviceId": "default"
}
