{
  "corners": {
    "topLeft": {
      "x": 0.3470703125,
      "y": 0.7097222222222223
    },
    "topRight": {
      "x": 0.3845703125,
      "y": 0.30104166666666665
    },
    "bottomLeft": {
      "x": 0.65859375,
      "y": 0.7767361111111111
    },
    "bottomRight": {
      "x": 0.68359375,
      "y": 0.3836805555555556
    }
  },
  "frameWidth": 1280,
  "frameHeight": 720,
  "capturedAt": "2026-01-09T15:46:18.361Z",
  "deviceId": "default"
}
