{
  "corners": {
    "topLeft": {
      "x": 0.7112215909090909,
      "y": 0.3473268072289157
    },
    "topRight": {
      "x": 0.7039772727272727,
      "y": 0.7458584337349398
    },
    "bottomLeft": {
      "x": 0.3072443181818182,
      "y": 0.32756024096385544
    },
    "bottomRight": {
      "x": 0.28167613636363636,
      "y": 0.7306099397590361
    }
  },
  "frameWidth": 1760,
  "frameHeight": 1328,
  "capturedAt": "2026-01-09T18:44:25.984Z",
  "deviceId": "default"
}
