{
  "corners": {
    "topLeft": {
      "x": 0.7274147727272727,
      "y": 0.46987951807228917
    },
    "topRight": {
      "x": 0.6069602272727272,
      "y": 0.8224774096385542
    },
    "bottomLeft": {
      "x": 0.3559659090909091,
      "y": 0.2503765060240964
    },
    "bottomRight": {
      "x": 0.22926136363636362,
      "y": 0.6155873493975904
    }
  },
  "frameWidth": 1760,
  "frameHeight": 1328,
  "capturedAt": "2026-01-09T18:44:22.604Z",
  "deviceId": "default"
}
