{
  "corners": {
    "topLeft": {
      "x": 0.7465909090909091,
      "y": 0.7637424698795181
    },
    "topRight": {
      "x": 0.4994318181818182,
      "y": 0.7769201807228916
    },
    "bottomLeft": {
      "x": 0.7478693181818182,
      "y": 0.31061746987951805
    },
    "bottomRight": {
      "x": 0.4862215909090909,
      "y": 0.30346385542168675
    }
  },
  "frameWidth": 1760,
  "frameHeight": 1328,
  "capturedAt": "2026-01-09T22:25:46.111Z",
  "deviceId": "default"
}
