{
  "corners": {
    "topLeft": {
      "x": 0.4015625,
      "y": 0.6791666666666667
    },
    "topRight": {
      "x": 0.382421875,
      "y": 0.36770833333333336
    },
    "bottomLeft": {
      "x": 0.6412109375,
      "y": 0.6072916666666667
    },
    "bottomRight": {
      "x": 0.612890625,
      "y": 0.3079861111111111
    }
  },
  "frameWidth": 640,
  "frameHeight": 360,
  "capturedAt": "2026-01-09T15:42:14.333Z",
  "deviceId": "default"
}
