{
  "corners": {
    "topLeft": {
      "x": 0.413671875,
      "y": 0.7711805555555555
    },
    "topRight": {
      "x": 0.382421875,
      "y": 0.39131944444444444
    },
    "bottomLeft": {
      "x": 0.7140625,
      "y": 0.6673611111111111
    },
    "bottomRight": {
      "x": 0.6671875,
      "y": 0.28402777777777777
    }
  },
  "frameWidth": 640,
  "frameHeight": 360,
  "capturedAt": "2026-01-09T15:42:59.671Z",
  "deviceId": "default"
}
