{
  "corners": {
    "topLeft": {
      "x": 0.712109375,
      "y": 0.4600694444444444
    },
    "topRight": {
      "x": 0.701171875,
      "y": 0.7225694444444445
    },
    "bottomLeft": {
      "x": 0.5150390625,
      "y": 0.4340277777777778
    },
    "bottomRight": {
      "x": 0.496875,
      "y": 0.6864583333333333
    }
  },
  "frameWidth": 1280,
  "frameHeight": 720,
  "capturedAt": "2026-01-09T16:01:58.056Z",
  "deviceId": "default"
}
