{
  "corners": {
    "topLeft": {
      "x": 0.8080965909090909,
      "y": 0.29066265060240964
    },
    "topRight": {
      "x": 0.8078125,
      "y": 0.6155873493975904
    },
    "bottomLeft": {
      "x": 0.46335227272727275,
      "y": 0.32981927710843373
    },
    "bottomRight": {
      "x": 0.47769886363636366,
      "y": 0.6411897590361446
    }
  },
  "frameWidth": 1760,
  "frameHeight": 1328,
  "capturedAt": "2026-01-09T00:11:30.405Z",
  "deviceId": "default"
}
