{
  "corners": {
    "topLeft": {
      "x": 0.7234375,
      "y": 0.29409722222222223
    },
    "topRight": {
      "x": 0.7265625,
      "y": 0.6826388888888889
    },
    "bottomLeft": {
      "x": 0.4236328125,
      "y": 0.29131944444444446
    },
    "bottomRight": {
      "x": 0.417578125,
      "y": 0.6986111111111111
    }
  },
  "frameWidth": 1280,
  "frameHeight": 720,
  "capturedAt": "2026-01-09T16:01:50.716Z",
  "deviceId": "default"
}
