{
  "corners": {
    "topLeft": {
      "x": 0.8642045454545455,
      "y": 0.328125
    },
    "topRight": {
      "x": 0.7127840909090909,
      "y": 0.5645707831325302
    },
    "bottomLeft": {
      "x": 0.6153409090909091,
      "y": 0.08038403614457831
    },
    "bottomRight": {
      "x": 0.46789772727272727,
      "y": 0.31231174698795183
    }
  },
  "frameWidth": 1760,
  "frameHeight": 1328,
  "capturedAt": "2026-01-09T18:44:30.852Z",
  "deviceId": "default"
}
