{
  "corners": {
    "topLeft": {
      "x": 0.7311079545454545,
      "y": 0.4145331325301205
    },
    "topRight": {
      "x": 0.6592329545454545,
      "y": 0.7944277108433735
    },
    "bottomLeft": {
      "x": 0.3392045454545455,
      "y": 0.27936746987951805
    },
    "bottomRight": {
      "x": 0.2539772727272727,
      "y": 0.6692394578313253
    }
  },
  "frameWidth": 1760,
  "frameHeight": 1328,
  "capturedAt": "2026-01-09T18:44:24.521Z",
  "deviceId": "default"
}
