{
  "corners": {
    "topLeft": {
      "x": 0.6924715909090909,
      "y": 0.3392319277108434
    },
    "topRight": {
      "x": 0.6825284090909091,
      "y": 0.7742846385542169
    },
    "bottomLeft": {
      "x": 0.25767045454545456,
      "y": 0.32868975903614456
    },
    "bottomRight": {
      "x": 0.23792613636363635,
      "y": 0.7513177710843374
    }
  },
  "frameWidth": 1760,
  "frameHeight": 1328,
  "capturedAt": "2026-01-09T00:10:43.565Z",
  "deviceId": "default"
}
