{
  "corners": {
    "topLeft": {
      "x": 0.68046875,
      "y": 0.3003472222222222
    },
    "topRight": {
      "x": 0.6900390625,
      "y": 0.7125
    },
    "bottomLeft": {
      "x": 0.3453125,
      "y": 0.34930555555555554
    },
    "bottomRight": {
      "x": 0.36796875,
      "y": 0.784375
    }
  },
  "frameWidth": 1280,
  "frameHeight": 720,
  "capturedAt": "2026-01-09T15:42:55.257Z",
  "deviceId": "default"
}
