{
  "corners": {
    "topLeft": {
      "x": 0.7353515625,
      "y": 0.8100694444444444
    },
    "topRight": {
      "x": 0.512890625,
      "y": 0.8020833333333334
    },
    "bottomLeft": {
      "x": 0.7353515625,
      "y": 0.2763888888888889
    },
    "bottomRight": {
      "x": 0.512890625,
      "y": 0.2607638888888889
    }
  },
  "frameWidth": 1280,
  "frameHeight": 720,
  "capturedAt": "2026-01-09T15:57:20.345Z",
  "deviceId": "default"
}
