{
  "corners": {
    "topLeft": {
      "x": 0.4267578125,
      "y": 0.46770833333333334
    },
    "topRight": {
      "x": 0.5212890625,
      "y": 0.22395833333333334
    },
    "bottomLeft": {
      "x": 0.616015625,
      "y": 0.6756944444444445
    },
    "bottomRight": {
      "x": 0.701171875,
      "y": 0.43993055555555555
    }
  },
  "frameWidth": 640,
  "frameHeight": 360,
  "capturedAt": "2026-01-09T15:42:18.272Z",
  "deviceId": "default"
}
