{
  "corners": {
    "topLeft": {
      "x": 0.3953125,
      "y": 0.5503472222222222
    },
    "topRight": {
      "x": 0.4396484375,
      "y": 0.2625
    },
    "bottomLeft": {
      "x": 0.622265625,
      "y": 0.6361111111111111
    },
    "bottomRight": {
      "x": 0.65625,
      "y": 0.35173611111111114
    }
  },
  "frameWidth": 640,
  "frameHeight": 360,
  "capturedAt": "2026-01-09T15:42:16.349Z",
  "deviceId": "default"
}
