{
  "corners": {
    "topLeft": {
      "x": 0.765234375,
      "y": 0.3715277777777778
    },
    "topRight": {
      "x": 0.728515625,
      "y": 0.7451388888888889
    },
    "bottomLeft": {
      "x": 0.47890625,
      "y": 0.2659722222222222
    },
    "bottomRight": {
      "x": 0.43046875,
      "y": 0.665625
    }
  },
  "frameWidth": 1280,
  "frameHeight": 720,
  "capturedAt": "2026-01-09T16:01:49.522Z",
  "deviceId": "default"
}
