{
  "corners": {
    "topLeft": {
      "x": 0.356640625,
      "y": 0.6465277777777778
    },
    "topRight": {
      "x": 0.340625,
      "y": 0.24027777777777778
    },
    "bottomLeft": {
      "x": 0.6751953125,
      "y": 0.6065972222222222
    },
    "bottomRight": {
      "x": 0.66171875,
      "y": 0.17847222222222223
    }
  },
  "frameWidth": 1280,
  "frameHeight": 720,
  "capturedAt": "2026-01-09T16:01:40.419Z",
  "deviceId": "default"
}
