{
  "corners": {
    "topLeft": {
      "x": 0.6751953125,
      "y": 0.39479166666666665
    },
    "topRight": {
      "x": 0.6609375,
      "y": 0.7868055555555555
    },
    "bottomLeft": {
      "x": 0.376953125,
      "y": 0.33958333333333335
    },
    "bottomRight": {
      "x": 0.3505859375,
      "y": 0.7489583333333333
    }
  },
  "frameWidth": 640,
  "frameHeight": 360,
  "capturedAt": "2026-01-09T15:46:18.055Z",
  "deviceId": "default"
}
