{
  "corners": {
    "topLeft": {
      "x": 0.33494318181818183,
      "y": 0.7074548192771084
    },
    "topRight": {
      "x": 0.33224431818181815,
      "y": 0.30817018072289154
    },
    "bottomLeft": {
      "x": 0.7596590909090909,
      "y": 0.6963478915662651
    },
    "bottomRight": {
      "x": 0.7517045454545455,
      "y": 0.27974397590361444
    }
  },
  "frameWidth": 1760,
  "frameHeight": 1328,
  "capturedAt": "2026-01-08T23:54:34.605Z",
  "deviceId": "default"
}
