{
  "corners": {
    "topLeft": {
      "x": 0.430078125,
      "y": 0.66875
    },
    "topRight": {
      "x": 0.2673828125,
      "y": 0.6642361111111111
    },
    "bottomLeft": {
      "x": 0.4357421875,
      "y": 0.2857638888888889
    },
    "bottomRight": {
      "x": 0.2755859375,
      "y": 0.27152777777777776
    }
  },
  "frameWidth": 1280,
  "frameHeight": 720,
  "capturedAt": "2026-01-09T16:00:51.595Z",
  "deviceId": "default"
}
