{
  "corners": {
    "topLeft": {
      "x": 0.705859375,
      "y": 0.2861111111111111
    },
    "topRight": {
      "x": 0.698046875,
      "y": 0.6552083333333333
    },
    "bottomLeft": {
      "x": 0.4220703125,
      "y": 0.23715277777777777
    },
    "bottomRight": {
      "x": 0.3984375,
      "y": 0.6326388888888889
    }
  },
  "frameWidth": 1280,
  "frameHeight": 720,
  "capturedAt": "2026-01-09T16:09:06.886Z",
  "deviceId": "default"
}
