{
  "corners": {
    "topLeft": {
      "x": 0.5240234375,
      "y": 0.7131944444444445
    },
    "topRight": {
      "x": 0.3423828125,
      "y": 0.7215277777777778
    },
    "bottomLeft": {
      "x": 0.517578125,
      "y": 0.28888888888888886
    },
    "bottomRight": {
      "x": 0.3404296875,
      "y": 0.28402777777777777
    }
  },
  "frameWidth": 1280,
  "frameHeight": 720,
  "capturedAt": "2026-01-09T16:00:49.531Z",
  "deviceId": "default"
}
