{
  "corners": {
    "topLeft": {
      "x": 0.6626953125,
      "y": 0.28402777777777777
    },
    "topRight": {
      "x": 0.6802734375,
      "y": 0.6569444444444444
    },
    "bottomLeft": {
      "x": 0.3724609375,
      "y": 0.3420138888888889
    },
    "bottomRight": {
      "x": 0.39375,
      "y": 0.7177083333333333
    }
  },
  "frameWidth": 1280,
  "frameHeight": 720,
  "capturedAt": "2026-01-09T15:42:53.715Z",
  "deviceId": "default"
}
