{
  "corners": {
    "topLeft": {
      "x": 0.725,
      "y": 0.15868055555555555
    },
    "topRight": {
      "x": 0.762890625,
      "y": 0.4527777777777778
    },
    "bottomLeft": {
      "x": 0.490234375,
      "y": 0.20034722222222223
    },
    "bottomRight": {
      "x": 0.5068359375,
      "y": 0.5135416666666667
    }
  },
  "frameWidth": 1280,
  "frameHeight": 720,
  "capturedAt": "2026-01-09T16:08:54.501Z",
  "deviceId": "default"
}
