{
  "corners": {
    "topLeft": {
      "x": 0.6194602272727273,
      "y": 0.34487951807228917
    },
    "topRight": {
      "x": 0.6220170454545455,
      "y": 0.6507906626506024
    },
    "bottomLeft": {
      "x": 0.3092329545454545,
      "y": 0.3586219879518072
    },
    "bottomRight": {
      "x": 0.31335227272727273,
      "y": 0.657191265060241
    }
  },
  "frameWidth": 1760,
  "frameHeight": 1328,
  "capturedAt": "2026-01-09T00:02:01.897Z",
  "deviceId": "default"
}
