{
  "corners": {
    "topLeft": {
      "x": 0.6971590909090909,
      "y": 0.3070406626506024
    },
    "topRight": {
      "x": 0.7167613636363637,
      "y": 0.6428840361445783
    },
    "bottomLeft": {
      "x": 0.3586647727272727,
      "y": 0.33151355421686746
    },
    "bottomRight": {
      "x": 0.3548295454545455,
      "y": 0.6688629518072289
    }
  },
  "frameWidth": 1760,
  "frameHeight": 1328,
  "capturedAt": "2026-01-08T23:48:40.258Z",
  "deviceId": "default"
}
