{
  "corners": {
    "topLeft": {
      "x": 0.6587890625,
      "y": 0.6184027777777777
    },
    "topRight": {
      "x": 0.5298828125,
      "y": 0.7885416666666667
    },
    "bottomLeft": {
      "x": 0.5306640625,
      "y": 0.3236111111111111
    },
    "bottomRight": {
      "x": 0.3984375,
      "y": 0.4635416666666667
    }
  },
  "frameWidth": 1280,
  "frameHeight": 720,
  "capturedAt": "2026-01-09T16:01:46.795Z",
  "deviceId": "default"
}
