{
  "corners": {
    "topLeft": {
      "x": 0.5796875,
      "y": 0.6961805555555556
    },
    "topRight": {
      "x": 0.3974609375,
      "y": 0.6243055555555556
    },
    "bottomLeft": {
      "x": 0.6265625,
      "y": 0.2743055555555556
    },
    "bottomRight": {
      "x": 0.452734375,
      "y": 0.19583333333333333
    }
  },
  "frameWidth": 1280,
  "frameHeight": 720,
  "capturedAt": "2026-01-09T16:00:45.146Z",
  "deviceId": "default"
}
