{
  "corners": {
    "topLeft": {
      "x": 0.6857954545454545,
      "y": 0.3522213855421687
    },
    "topRight": {
      "x": 0.6438920454545455,
      "y": 0.6536144578313253
    },
    "bottomLeft": {
      "x": 0.3757102272727273,
      "y": 0.2676957831325301
    },
    "bottomRight": {
      "x": 0.31889204545454547,
      "y": 0.5775602409638554
    }
  },
  "frameWidth": 1760,
  "frameHeight": 1328,
  "capturedAt": "2026-01-08T23:48:40.801Z",
  "deviceId": "default"
}
