{
  "corners": {
    "topLeft": {
      "x": 0.7011363636363637,
      "y": 0.3185240963855422
    },
    "topRight": {
      "x": 0.7146306818181818,
      "y": 0.6517319277108434
    },
    "bottomLeft": {
      "x": 0.3625,
      "y": 0.33000753012048195
    },
    "bottomRight": {
      "x": 0.3548295454545455,
      "y": 0.6688629518072289
    }
  },
  "frameWidth": 1760,
  "frameHeight": 1328,
  "capturedAt": "2026-01-08T23:48:40.124Z",
  "deviceId": "default"
}
