{
  "corners": {
    "topLeft": {
      "x": 0.6009765625,
      "y": 0.6493055555555556
    },
    "topRight": {
      "x": 0.440625,
      "y": 0.6763888888888889
    },
    "bottomLeft": {
      "x": 0.578125,
      "y": 0.26944444444444443
    },
    "bottomRight": {
      "x": 0.4185546875,
      "y": 0.2857638888888889
    }
  },
  "frameWidth": 1280,
  "frameHeight": 720,
  "capturedAt": "2026-01-09T16:01:32.949Z",
  "deviceId": "default"
}
