{
  "corners": {
    "topLeft": {
      "x": 0.32727272727272727,
      "y": 0.6752635542168675
    },
    "topRight": {
      "x": 0.34005681818181815,
      "y": 0.3074171686746988
    },
    "bottomLeft": {
      "x": 0.7105113636363637,
      "y": 0.6880647590361446
    },
    "bottomRight": {
      "x": 0.7194602272727273,
      "y": 0.31682981927710846
    }
  },
  "frameWidth": 1760,
  "frameHeight": 1328,
  "capturedAt": "2026-01-08T23:54:31.459Z",
  "deviceId": "default"
}
