{
  "corners": {
    "topLeft": {
      "x": 0.740625,
      "y": 0.6305555555555555
    },
    "topRight": {
      "x": 0.563671875,
      "y": 0.6465277777777778
    },
    "bottomLeft": {
      "x": 0.7072265625,
      "y": 0.16666666666666666
    },
    "bottomRight": {
      "x": 0.5244140625,
      "y": 0.23229166666666667
    }
  },
  "frameWidth": 1280,
  "frameHeight": 720,
  "capturedAt": "2026-01-09T15:57:28.541Z",
  "deviceId": "default"
}
