{
  "corners": {
    "topLeft": {
      "x": 0.7224431818181818,
      "y": 0.3567394578313253
    },
    "topRight": {
      "x": 0.6947443181818181,
      "y": 0.7458584337349398
    },
    "bottomLeft": {
      "x": 0.3259943181818182,
      "y": 0.3032756024096386
    },
    "bottomRight": {
      "x": 0.284375,
      "y": 0.6948418674698795
    }
  },
  "frameWidth": 1760,
  "frameHeight": 1328,
  "capturedAt": "2026-01-09T18:44:25.727Z",
  "deviceId": "default"
}
