{
  "corners": {
    "topLeft": {
      "x": 0.3880859375,
      "y": 0.7368055555555556
    },
    "topRight": {
      "x": 0.405859375,
      "y": 0.34305555555555556
    },
    "bottomLeft": {
      "x": 0.710546875,
      "y": 0.740625
    },
    "bottomRight": {
      "x": 0.7017578125,
      "y": 0.340625
    }
  },
  "frameWidth": 640,
  "frameHeight": 360,
  "capturedAt": "2026-01-09T15:42:51.697Z",
  "deviceId": "default"
}
