{
  "corners": {
    "topLeft": {
      "x": 0.7184659090909091,
      "y": 0.7663780120481928
    },
    "topRight": {
      "x": 0.524715909090909,
      "y": 0.7644954819277109
    },
    "bottomLeft": {
      "x": 0.7306818181818182,
      "y": 0.4117093373493976
    },
    "bottomRight": {
      "x": 0.5309659090909091,
      "y": 0.390625
    }
  },
  "frameWidth": 1760,
  "frameHeight": 1328,
  "capturedAt": "2026-01-09T22:25:39.302Z",
  "deviceId": "default"
}
