{
  "corners": {
    "topLeft": {
      "x": 0.676953125,
      "y": 0.28854166666666664
    },
    "topRight": {
      "x": 0.6853515625,
      "y": 0.6611111111111111
    },
    "bottomLeft": {
      "x": 0.3908203125,
      "y": 0.28541666666666665
    },
    "bottomRight": {
      "x": 0.383203125,
      "y": 0.6795138888888889
    }
  },
  "frameWidth": 1280,
  "frameHeight": 720,
  "capturedAt": "2026-01-09T16:09:08.362Z",
  "deviceId": "default"
}
