{
  "corners": {
    "topLeft": {
      "x": 0.7893465909090909,
      "y": 0.3333960843373494
    },
    "topRight": {
      "x": 0.8119318181818181,
      "y": 0.6321536144578314
    },
    "bottomLeft": {
      "x": 0.4791193181818182,
      "y": 0.37631777108433734
    },
    "bottomRight": {
      "x": 0.5008522727272727,
      "y": 0.6991716867469879
    }
  },
  "frameWidth": 1760,
  "frameHeight": 1328,
  "capturedAt": "2026-01-09T00:11:32.289Z",
  "deviceId": "default"
}
