{
  "corners": {
    "topLeft": {
      "x": 0.391015625,
      "y": 0.6416666666666667
    },
    "topRight": {
      "x": 0.398046875,
      "y": 0.24722222222222223
    },
    "bottomLeft": {
      "x": 0.69921875,
      "y": 0.6527777777777778
    },
    "bottomRight": {
      "x": 0.70546875,
      "y": 0.24930555555555556
    }
  },
  "frameWidth": 1280,
  "frameHeight": 720,
  "capturedAt": "2026-01-09T15:46:21.581Z",
  "deviceId": "default"
}
