{
  "corners": {
    "topLeft": {
      "x": 0.6609375,
      "y": 0.3107638888888889
    },
    "topRight": {
      "x": 0.6783203125,
      "y": 0.6729166666666667
    },
    "bottomLeft": {
      "x": 0.391015625,
      "y": 0.3704861111111111
    },
    "bottomRight": {
      "x": 0.40546875,
      "y": 0.7142361111111111
    }
  },
  "frameWidth": 640,
  "frameHeight": 360,
  "capturedAt": "2026-01-09T15:51:28.591Z",
  "deviceId": "default"
}
