{
  "corners": {
    "topLeft": {
      "x": 0.7056818181818182,
      "y": 0.32153614457831325
    },
    "topRight": {
      "x": 0.7142045454545455,
      "y": 0.6558734939759037
    },
    "bottomLeft": {
      "x": 0.365625,
      "y": 0.32699548192771083
    },
    "bottomRight": {
      "x": 0.35511363636363635,
      "y": 0.6667921686746988
    }
  },
  "frameWidth": 1760,
  "frameHeight": 1328,
  "capturedAt": "2026-01-08T23:48:40.066Z",
  "deviceId": "default"
}
