{
  "corners": {
    "topLeft": {
      "x": 0.7197443181818182,
      "y": 0.37669427710843373
    },
    "topRight": {
      "x": 0.7025568181818181,
      "y": 0.7195030120481928
    },
    "bottomLeft": {
      "x": 0.36022727272727273,
      "y": 0.3465737951807229
    },
    "bottomRight": {
      "x": 0.3387784090909091,
      "y": 0.7061370481927711
    }
  },
  "frameWidth": 1760,
  "frameHeight": 1328,
  "capturedAt": "2026-01-09T22:25:22.733Z",
  "deviceId": "default"
}
