{
  "corners": {
    "topLeft": {
      "x": 0.695703125,
      "y": 0.3680555555555556
    },
    "topRight": {
      "x": 0.6888671875,
      "y": 0.7795138888888888
    },
    "bottomLeft": {
      "x": 0.3912109375,
      "y": 0.3423611111111111
    },
    "bottomRight": {
      "x": 0.3642578125,
      "y": 0.7454861111111111
    }
  },
  "frameWidth": 1280,
  "frameHeight": 720,
  "capturedAt": "2026-01-09T15:42:52.080Z",
  "deviceId": "default"
}
