{
  "corners": {
    "topLeft": {
      "x": 0.7198863636363636,
      "y": 0.37914156626506024
    },
    "topRight": {
      "x": 0.7022727272727273,
      "y": 0.7206325301204819
    },
    "bottomLeft": {
      "x": 0.3600852272727273,
      "y": 0.3473268072289157
    },
    "bottomRight": {
      "x": 0.3377840909090909,
      "y": 0.7065135542168675
    }
  },
  "frameWidth": 1760,
  "frameHeight": 1328,
  "capturedAt": "2026-01-09T22:25:22.520Z",
  "deviceId": "default"
}
