{
  "corners": {
    "topLeft": {
      "x": 0.374609375,
      "y": 0.7267361111111111
    },
    "topRight": {
      "x": 0.444140625,
      "y": 0.28194444444444444
    },
    "bottomLeft": {
      "x": 0.7263671875,
      "y": 0.8600694444444444
    },
    "bottomRight": {
      "x": 0.7736328125,
      "y": 0.4215277777777778
    }
  },
  "frameWidth": 640,
  "frameHeight": 360,
  "capturedAt": "2026-01-09T15:42:48.661Z",
  "deviceId": "default"
}
