{
  "corners": {
    "topLeft": {
      "x": 0.7606534090909091,
      "y": 0.3092996987951807
    },
    "topRight": {
      "x": 0.7870738636363637,
      "y": 0.697289156626506
    },
    "bottomLeft": {
      "x": 0.39360795454545455,
      "y": 0.3704819277108434
    },
    "bottomRight": {
      "x": 0.40198863636363635,
      "y": 0.7155496987951807
    }
  },
  "frameWidth": 1760,
  "frameHeight": 1328,
  "capturedAt": "2026-01-09T00:11:24.709Z",
  "deviceId": "default"
}
