{
  "corners": {
    "topLeft": {
      "x": 0.654296875,
      "y": 0.29618055555555556
    },
    "topRight": {
      "x": 0.662109375,
      "y": 0.6666666666666666
    },
    "bottomLeft": {
      "x": 0.3748046875,
      "y": 0.33819444444444446
    },
    "bottomRight": {
      "x": 0.3859375,
      "y": 0.6923611111111111
    }
  },
  "frameWidth": 640,
  "frameHeight": 360,
  "capturedAt": "2026-01-09T15:51:23.390Z",
  "deviceId": "default"
}
