{
  "corners": {
    "topLeft": {
      "x": 0.702734375,
      "y": 0.284375
    },
    "topRight": {
      "x": 0.6974609375,
      "y": 0.6569444444444444
    },
    "bottomLeft": {
      "x": 0.4154296875,
      "y": 0.2454861111111111
    },
    "bottomRight": {
      "x": 0.39609375,
      "y": 0.6447916666666667
    }
  },
  "frameWidth": 1280,
  "frameHeight": 720,
  "capturedAt": "2026-01-09T16:09:07.094Z",
  "deviceId": "default"
}
