{
  "corners": {
    "topLeft": {
      "x": 0.710546875,
      "y": 0.2864583333333333
    },
    "topRight": {
      "x": 0.695703125,
      "y": 0.6524305555555555
    },
    "bottomLeft": {
      "x": 0.4291015625,
      "y": 0.2222222222222222
    },
    "bottomRight": {
      "x": 0.39921875,
      "y": 0.6145833333333334
    }
  },
  "frameWidth": 1280,
  "frameHeight": 720,
  "capturedAt": "2026-01-09T16:09:06.694Z",
  "deviceId": "default"
}
