{
  "corners": {
    "topLeft": {
      "x": 0.4302734375,
      "y": 0.5329861111111112
    },
    "topRight": {
      "x": 0.551171875,
      "y": 0.24618055555555557
    },
    "bottomLeft": {
      "x": 0.6482421875,
      "y": 0.7899305555555556
    },
    "bottomRight": {
      "x": 0.7572265625,
      "y": 0.5197916666666667
    }
  },
  "frameWidth": 640,
  "frameHeight": 360,
  "capturedAt": "2026-01-09T15:42:00.862Z",
  "deviceId": "default"
}
