{
  "corners": {
    "topLeft": {
      "x": 0.410546875,
      "y": 0.5392361111111111
    },
    "topRight": {
      "x": 0.51875,
      "y": 0.24618055555555557
    },
    "bottomLeft": {
      "x": 0.647265625,
      "y": 0.7809027777777777
    },
    "bottomRight": {
      "x": 0.73125,
      "y": 0.48819444444444443
    }
  },
  "frameWidth": 640,
  "frameHeight": 360,
  "capturedAt": "2026-01-09T15:42:02.890Z",
  "deviceId": "default"
}
