{
  "corners": {
    "topLeft": {
      "x": 0.438671875,
      "y": 0.6861111111111111
    },
    "topRight": {
      "x": 0.4203125,
      "y": 0.29583333333333334
    },
    "bottomLeft": {
      "x": 0.74375,
      "y": 0.6555555555555556
    },
    "bottomRight": {
      "x": 0.7390625,
      "y": 0.2388888888888889
    }
  },
  "frameWidth": 640,
  "frameHeight": 360,
  "capturedAt": "2026-01-09T02:39:50.022Z",
  "deviceId": "default"
}
