{
  "corners": {
    "topLeft": {
      "x": 0.8373046875,
      "y": 0.3972222222222222
    },
    "topRight": {
      "x": 0.817578125,
      "y": 0.8260416666666667
    },
    "bottomLeft": {
      "x": 0.5138671875,
      "y": 0.32048611111111114
    },
    "bottomRight": {
      "x": 0.4779296875,
      "y": 0.7857638888888889
    }
  },
  "frameWidth": 1280,
  "frameHeight": 720,
  "capturedAt": "2026-01-09T15:57:18.617Z",
  "deviceId": "default"
}
