{
  "corners": {
    "topLeft": {
      "x": 0.5856534090909091,
      "y": 0.7801204819277109
    },
    "topRight": {
      "x": 0.30298295454545454,
      "y": 0.7963102409638554
    },
    "bottomLeft": {
      "x": 0.565625,
      "y": 0.26939006024096385
    },
    "bottomRight": {
      "x": 0.28267045454545453,
      "y": 0.28012048192771083
    }
  },
  "frameWidth": 1760,
  "frameHeight": 1328,
  "capturedAt": "2026-01-09T22:25:41.599Z",
  "deviceId": "default"
}
