{
  "corners": {
    "topLeft": {
      "x": 0.5681640625,
      "y": 0.7135416666666666
    },
    "topRight": {
      "x": 0.39296875,
      "y": 0.6048611111111111
    },
    "bottomLeft": {
      "x": 0.641015625,
      "y": 0.30659722222222224
    },
    "bottomRight": {
      "x": 0.475,
      "y": 0.19479166666666667
    }
  },
  "frameWidth": 1280,
  "frameHeight": 720,
  "capturedAt": "2026-01-09T16:00:45.481Z",
  "deviceId": "default"
}
