{
  "corners": {
    "topLeft": {
      "x": 0.37734375,
      "y": 0.590625
    },
    "topRight": {
      "x": 0.3583984375,
      "y": 0.26944444444444443
    },
    "bottomLeft": {
      "x": 0.623046875,
      "y": 0.5534722222222223
    },
    "bottomRight": {
      "x": 0.60859375,
      "y": 0.21597222222222223
    }
  },
  "frameWidth": 640,
  "frameHeight": 360,
  "capturedAt": "2026-01-09T15:42:10.409Z",
  "deviceId": "default"
}
