{
  "corners": {
    "topLeft": {
      "x": 0.7180397727272727,
      "y": 0.31946536144578314
    },
    "topRight": {
      "x": 0.6765625,
      "y": 0.6342243975903614
    },
    "bottomLeft": {
      "x": 0.4096590909090909,
      "y": 0.2688253012048193
    },
    "bottomRight": {
      "x": 0.36164772727272726,
      "y": 0.5587349397590361
    }
  },
  "frameWidth": 1760,
  "frameHeight": 1328,
  "capturedAt": "2026-01-08T23:48:40.525Z",
  "deviceId": "default"
}
