{
  "corners": {
    "topLeft": {
      "x": 0.6908203125,
      "y": 0.7253472222222223
    },
    "topRight": {
      "x": 0.5265625,
      "y": 0.709375
    },
    "bottomLeft": {
      "x": 0.6890625,
      "y": 0.3190972222222222
    },
    "bottomRight": {
      "x": 0.527734375,
      "y": 0.32916666666666666
    }
  },
  "frameWidth": 1280,
  "frameHeight": 720,
  "capturedAt": "2026-01-09T16:01:37.257Z",
  "deviceId": "default"
}
