{
  "corners": {
    "topLeft": {
      "x": 0.7163352272727272,
      "y": 0.323230421686747
    },
    "topRight": {
      "x": 0.7144886363636364,
      "y": 0.6588855421686747
    },
    "bottomLeft": {
      "x": 0.37272727272727274,
      "y": 0.3079819277108434
    },
    "bottomRight": {
      "x": 0.3535511363636364,
      "y": 0.6526731927710844
    }
  },
  "frameWidth": 1760,
  "frameHeight": 1328,
  "capturedAt": "2026-01-08T23:48:39.992Z",
  "deviceId": "default"
}
