{
  "corners": {
    "topLeft": {
      "x": 0.7142045454545455,
      "y": 0.38761295180722893
    },
    "topRight": {
      "x": 0.6994318181818182,
      "y": 0.7025602409638554
    },
    "bottomLeft": {
      "x": 0.38693181818181815,
      "y": 0.35598644578313254
    },
    "bottomRight": {
      "x": 0.36349431818181815,
      "y": 0.6871234939759037
    }
  },
  "frameWidth": 1760,
  "frameHeight": 1328,
  "capturedAt": "2026-01-09T22:25:21.839Z",
  "deviceId": "default"
}
