{
  "corners": {
    "topLeft": {
      "x": 0.554296875,
      "y": 0.7795138888888888
    },
    "topRight": {
      "x": 0.3802734375,
      "y": 0.6743055555555556
    },
    "bottomLeft": {
      "x": 0.6328125,
      "y": 0.3638888888888889
    },
    "bottomRight": {
      "x": 0.462109375,
      "y": 0.24409722222222222
    }
  },
  "frameWidth": 1280,
  "frameHeight": 720,
  "capturedAt": "2026-01-09T16:00:45.977Z",
  "deviceId": "default"
}
