{
  "corners": {
    "topLeft": {
      "x": 0.6517578125,
      "y": 0.4076388888888889
    },
    "topRight": {
      "x": 0.6646484375,
      "y": 0.6489583333333333
    },
    "bottomLeft": {
      "x": 0.46640625,
      "y": 0.4326388888888889
    },
    "bottomRight": {
      "x": 0.4732421875,
      "y": 0.6819444444444445
    }
  },
  "frameWidth": 1280,
  "frameHeight": 720,
  "capturedAt": "2026-01-09T16:01:56.994Z",
  "deviceId": "default"
}
