{
  "corners": {
    "topLeft": {
      "x": 0.2333984375,
      "y": 0.2222222222222222
    },
    "topRight": {
      "x": 0.3556640625,
      "y": 0.4420138888888889
    },
    "bottomLeft": {
      "x": 0.036328125,
      "y": 0.5225694444444444
    },
    "bottomRight": {
      "x": 0.176171875,
      "y": 0.7489583333333333
    }
  },
  "frameWidth": 640,
  "frameHeight": 360,
  "capturedAt": "2026-01-09T15:52:02.770Z",
  "deviceId": "default"
}
