{
  "corners": {
    "topLeft": {
      "x": 0.5865234375,
      "y": 0.3246527777777778
    },
    "topRight": {
      "x": 0.606640625,
      "y": 0.7201388888888889
    },
    "bottomLeft": {
      "x": 0.28984375,
      "y": 0.39131944444444444
    },
    "bottomRight": {
      "x": 0.3068359375,
      "y": 0.7753472222222222
    }
  },
  "frameWidth": 640,
  "frameHeight": 360,
  "capturedAt": "2026-01-09T15:51:55.215Z",
  "deviceId": "default"
}
