{
  "corners": {
    "topLeft": {
      "x": 0.671484375,
      "y": 0.34270833333333334
    },
    "topRight": {
      "x": 0.66484375,
      "y": 0.7003472222222222
    },
    "bottomLeft": {
      "x": 0.4013671875,
      "y": 0.3506944444444444
    },
    "bottomRight": {
      "x": 0.398828125,
      "y": 0.6899305555555556
    }
  },
  "frameWidth": 640,
  "frameHeight": 360,
  "capturedAt": "2026-01-09T15:51:28.017Z",
  "deviceId": "default"
}
