{
  "corners": {
    "topLeft": {
      "x": 0.74765625,
      "y": 0.39791666666666664
    },
    "topRight": {
      "x": 0.680078125,
      "y": 0.7958333333333333
    },
    "bottomLeft": {
      "x": 0.434765625,
      "y": 0.2326388888888889
    },
    "bottomRight": {
      "x": 0.362109375,
      "y": 0.6541666666666667
    }
  },
  "frameWidth": 1280,
  "frameHeight": 720,
  "capturedAt": "2026-01-09T15:42:56.761Z",
  "deviceId": "default"
}
