{
  "corners": {
    "topLeft": {
      "x": 0.5495738636363636,
      "y": 0.33716114457831325
    },
    "topRight": {
      "x": 0.7085227272727272,
      "y": 0.4851280120481928
    },
    "bottomLeft": {
      "x": 0.3921875,
      "y": 0.6280120481927711
    },
    "bottomRight": {
      "x": 0.5589488636363636,
      "y": 0.7949924698795181
    }
  },
  "frameWidth": 1760,
  "frameHeight": 1328,
  "capturedAt": "2026-01-09T22:25:35.257Z",
  "deviceId": "default"
}
