{
  "corners": {
    "topLeft": {
      "x": 0.6842329545454545,
      "y": 0.3525978915662651
    },
    "topRight": {
      "x": 0.6428977272727273,
      "y": 0.6539909638554217
    },
    "bottomLeft": {
      "x": 0.3744318181818182,
      "y": 0.26863704819277107
    },
    "bottomRight": {
      "x": 0.3177556818181818,
      "y": 0.5775602409638554
    }
  },
  "frameWidth": 1760,
  "frameHeight": 1328,
  "capturedAt": "2026-01-08T23:48:40.733Z",
  "deviceId": "default"
}
