{
  "corners": {
    "topLeft": {
      "x": 0.5169921875,
      "y": 0.8670138888888889
    },
    "topRight": {
      "x": 0.2783203125,
      "y": 0.8850694444444445
    },
    "bottomLeft": {
      "x": 0.49296875,
      "y": 0.26284722222222223
    },
    "bottomRight": {
      "x": 0.2458984375,
      "y": 0.28958333333333336
    }
  },
  "frameWidth": 1280,
  "frameHeight": 720,
  "capturedAt": "2026-01-09T15:57:33.138Z",
  "deviceId": "default"
}
