{
  "corners": {
    "topLeft": {
      "x": 0.681640625,
      "y": 0.34479166666666666
    },
    "topRight": {
      "x": 0.6634765625,
      "y": 0.7097222222222223
    },
    "bottomLeft": {
      "x": 0.4037109375,
      "y": 0.33055555555555555
    },
    "bottomRight": {
      "x": 0.39375,
      "y": 0.6760416666666667
    }
  },
  "frameWidth": 640,
  "frameHeight": 360,
  "capturedAt": "2026-01-09T15:51:27.018Z",
  "deviceId": "default"
}
