{
  "corners": {
    "topLeft": {
      "x": 0.5366477272727272,
      "y": 0.3307605421686747
    },
    "topRight": {
      "x": 0.7009943181818182,
      "y": 0.4939759036144578
    },
    "bottomLeft": {
      "x": 0.3619318181818182,
      "y": 0.635730421686747
    },
    "bottomRight": {
      "x": 0.5366477272727272,
      "y": 0.8179593373493976
    }
  },
  "frameWidth": 1760,
  "frameHeight": 1328,
  "capturedAt": "2026-01-09T22:25:36.383Z",
  "deviceId": "default"
}
