{
  "corners": {
    "topLeft": {
      "x": 0.68515625,
      "y": 0.34097222222222223
    },
    "topRight": {
      "x": 0.6650390625,
      "y": 0.7111111111111111
    },
    "bottomLeft": {
      "x": 0.4029296875,
      "y": 0.32430555555555557
    },
    "bottomRight": {
      "x": 0.391796875,
      "y": 0.6743055555555556
    }
  },
  "frameWidth": 640,
  "frameHeight": 360,
  "capturedAt": "2026-01-09T15:51:26.453Z",
  "deviceId": "default"
}
