{
  "corners": {
    "topLeft": {
      "x": 0.3169921875,
      "y": 0.5243055555555556
    },
    "topRight": {
      "x": 0.37265625,
      "y": 0.178125
    },
    "bottomLeft": {
      "x": 0.5876953125,
      "y": 0.6274305555555556
    },
    "bottomRight": {
      "x": 0.6287109375,
      "y": 0.296875
    }
  },
  "frameWidth": 640,
  "frameHeight": 360,
  "capturedAt": "2026-01-09T15:42:07.287Z",
  "deviceId": "default"
}
