{
  "corners": {
    "topLeft": {
      "x": 0.6216796875,
      "y": 0.7642361111111111
    },
    "topRight": {
      "x": 0.445703125,
      "y": 0.7045138888888889
    },
    "bottomLeft": {
      "x": 0.64765625,
      "y": 0.3402777777777778
    },
    "bottomRight": {
      "x": 0.4822265625,
      "y": 0.30416666666666664
    }
  },
  "frameWidth": 640,
  "frameHeight": 360,
  "capturedAt": "2026-01-09T15:51:34.518Z",
  "deviceId": "default"
}
