{
  "corners": {
    "topLeft": {
      "x": 0.603515625,
      "y": 0.7604166666666666
    },
    "topRight": {
      "x": 0.4140625,
      "y": 0.7774305555555555
    },
    "bottomLeft": {
      "x": 0.5865234375,
      "y": 0.290625
    },
    "bottomRight": {
      "x": 0.389453125,
      "y": 0.30972222222222223
    }
  },
  "frameWidth": 1280,
  "frameHeight": 720,
  "capturedAt": "2026-01-09T15:57:30.836Z",
  "deviceId": "default"
}
