{
  "corners": {
    "topLeft": {
      "x": 0.8473011363636364,
      "y": 0.31137048192771083
    },
    "topRight": {
      "x": 0.8632102272727272,
      "y": 0.7347515060240963
    },
    "bottomLeft": {
      "x": 0.4090909090909091,
      "y": 0.33433734939759036
    },
    "bottomRight": {
      "x": 0.41505681818181817,
      "y": 0.7772966867469879
    }
  },
  "frameWidth": 1760,
  "frameHeight": 1328,
  "capturedAt": "2026-01-09T00:10:51.036Z",
  "deviceId": "default"
}
