{
  "corners": {
    "topLeft": {
      "x": 0.6931640625,
      "y": 0.29131944444444446
    },
    "topRight": {
      "x": 0.690625,
      "y": 0.6628472222222223
    },
    "bottomLeft": {
      "x": 0.4060546875,
      "y": 0.2659722222222222
    },
    "bottomRight": {
      "x": 0.3919921875,
      "y": 0.6635416666666667
    }
  },
  "frameWidth": 1280,
  "frameHeight": 720,
  "capturedAt": "2026-01-09T16:09:07.535Z",
  "deviceId": "default"
}
