{
  "corners": {
    "topLeft": {
      "x": 0.7076171875,
      "y": 0.35347222222222224
    },
    "topRight": {
      "x": 0.7158203125,
      "y": 0.6611111111111111
    },
    "bottomLeft": {
      "x": 0.473046875,
      "y": 0.34479166666666666
    },
    "bottomRight": {
      "x": 0.465625,
      "y": 0.6670138888888889
    }
  },
  "frameWidth": 1280,
  "frameHeight": 720,
  "capturedAt": "2026-01-09T16:01:47.923Z",
  "deviceId": "default"
}
