{
  "corners": {
    "topLeft": {
      "x": 0.6828125,
      "y": 0.22534722222222223
    },
    "topRight": {
      "x": 0.6666015625,
      "y": 0.6579861111111112
    },
    "bottomLeft": {
      "x": 0.3521484375,
      "y": 0.221875
    },
    "bottomRight": {
      "x": 0.346875,
      "y": 0.6375
    }
  },
  "frameWidth": 640,
  "frameHeight": 360,
  "capturedAt": "2026-01-09T15:51:20.296Z",
  "deviceId": "default"
}
