{
  "corners": {
    "topLeft": {
      "x": 0.6916015625,
      "y": 0.290625
    },
    "topRight": {
      "x": 0.6875,
      "y": 0.6586805555555556
    },
    "bottomLeft": {
      "x": 0.4064453125,
      "y": 0.2590277777777778
    },
    "bottomRight": {
      "x": 0.3904296875,
      "y": 0.6548611111111111
    }
  },
  "frameWidth": 1280,
  "frameHeight": 720,
  "capturedAt": "2026-01-09T16:09:08.107Z",
  "deviceId": "default"
}
