{
  "corners": {
    "topLeft": {
      "x": 0.7204545454545455,
      "y": 0.37838855421686746
    },
    "topRight": {
      "x": 0.7014204545454545,
      "y": 0.7211972891566265
    },
    "bottomLeft": {
      "x": 0.3613636363636364,
      "y": 0.3445030120481928
    },
    "bottomRight": {
      "x": 0.33707386363636366,
      "y": 0.703125
    }
  },
  "frameWidth": 1760,
  "frameHeight": 1328,
  "capturedAt": "2026-01-09T22:25:22.247Z",
  "deviceId": "default"
}
