{
  "corners": {
    "topLeft": {
      "x": 0.7433238636363636,
      "y": 0.3386671686746988
    },
    "topRight": {
      "x": 0.7072443181818182,
      "y": 0.6617093373493976
    },
    "bottomLeft": {
      "x": 0.4078125,
      "y": 0.25338855421686746
    },
    "bottomRight": {
      "x": 0.3566761363636364,
      "y": 0.6022213855421686
    }
  },
  "frameWidth": 1760,
  "frameHeight": 1328,
  "capturedAt": "2026-01-08T23:48:39.104Z",
  "deviceId": "default"
}
