{
  "corners": {
    "topLeft": {
      "x": 0.7189453125,
      "y": 0.29131944444444446
    },
    "topRight": {
      "x": 0.6939453125,
      "y": 0.646875
    },
    "bottomLeft": {
      "x": 0.4462890625,
      "y": 0.19583333333333333
    },
    "bottomRight": {
      "x": 0.40390625,
      "y": 0.5774305555555556
    }
  },
  "frameWidth": 1280,
  "frameHeight": 720,
  "capturedAt": "2026-01-09T16:09:06.200Z",
  "deviceId": "default"
}
