{
  "corners": {
    "topLeft": {
      "x": 0.6001953125,
      "y": 0.6451388888888889
    },
    "topRight": {
      "x": 0.4369140625,
      "y": 0.6836805555555555
    },
    "bottomLeft": {
      "x": 0.567578125,
      "y": 0.2534722222222222
    },
    "bottomRight": {
      "x": 0.40546875,
      "y": 0.2902777777777778
    }
  },
  "frameWidth": 1280,
  "frameHeight": 720,
  "capturedAt": "2026-01-09T16:01:33.108Z",
  "deviceId": "default"
}
