{
  "corners": {
    "topLeft": {
      "x": 0.5076171875,
      "y": 0.4795138888888889
    },
    "topRight": {
      "x": 0.448046875,
      "y": 0.7784722222222222
    },
    "bottomLeft": {
      "x": 0.2806640625,
      "y": 0.32569444444444445
    },
    "bottomRight": {
      "x": 0.1986328125,
      "y": 0.63125
    }
  },
  "frameWidth": 1280,
  "frameHeight": 720,
  "capturedAt": "2026-01-09T16:01:54.567Z",
  "deviceId": "default"
}
