{
  "corners": {
    "topLeft": {
      "x": 0.7217329545454545,
      "y": 0.3157003012048193
    },
    "topRight": {
      "x": 0.6697443181818182,
      "y": 0.6300828313253012
    },
    "bottomLeft": {
      "x": 0.41946022727272725,
      "y": 0.2592243975903614
    },
    "bottomRight": {
      "x": 0.3715909090909091,
      "y": 0.5404743975903614
    }
  },
  "frameWidth": 1760,
  "frameHeight": 1328,
  "capturedAt": "2026-01-08T23:48:40.456Z",
  "deviceId": "default"
}
