{
  "corners": {
    "topLeft": {
      "x": 0.7443359375,
      "y": 0.3295138888888889
    },
    "topRight": {
      "x": 0.717578125,
      "y": 0.7229166666666667
    },
    "bottomLeft": {
      "x": 0.44140625,
      "y": 0.25590277777777776
    },
    "bottomRight": {
      "x": 0.4046875,
      "y": 0.6642361111111111
    }
  },
  "frameWidth": 1280,
  "frameHeight": 720,
  "capturedAt": "2026-01-09T16:01:50.430Z",
  "deviceId": "default"
}
