{
  "corners": {
    "topLeft": {
      "x": 0.5882102272727273,
      "y": 0.45124246987951805
    },
    "topRight": {
      "x": 0.5923295454545454,
      "y": 0.7383283132530121
    },
    "bottomLeft": {
      "x": 0.3001420454545455,
      "y": 0.4602786144578313
    },
    "bottomRight": {
      "x": 0.29701704545454544,
      "y": 0.7447289156626506
    }
  },
  "frameWidth": 1760,
  "frameHeight": 1328,
  "capturedAt": "2026-01-09T00:02:04.962Z",
  "deviceId": "default"
}
