{
  "corners": {
    "topLeft": {
      "x": 0.59140625,
      "y": 0.33368055555555554
    },
    "topRight": {
      "x": 0.601953125,
      "y": 0.7243055555555555
    },
    "bottomLeft": {
      "x": 0.2955078125,
      "y": 0.3576388888888889
    },
    "bottomRight": {
      "x": 0.2953125,
      "y": 0.7534722222222222
    }
  },
  "frameWidth": 1280,
  "frameHeight": 720,
  "capturedAt": "2026-01-09T16:09:09.137Z",
  "deviceId": "default"
}
